observable,formula,predicted,experimental,deviation_pct,uncertainty,complexity,n_params,log_likelihood,bic,aic,r2,r2_adj,p_value_raw,n_tests,p_value_corrected,quality_score,significance,source
g_2,ζ(5)/φ,0.6408570000,0.6530000000,1.8600000000,0.0030000000,2,1,-3.3015982651,10.2141144429,8.6031965302,0.9996540400,0.9996441554,0.0000515249,740,0.0381284397,0.6121520617,marginally_significant,ranked_summary
sin_theta_C,√(ζ(7)/b₂),0.2191270000,0.2254000000,2.7800000000,0.0010000000,2,1,-13.6864477542,30.9838134211,29.3728955084,0.9992271600,0.9992050789,0.0000000004,740,0.0000002739,0.4814165043,highly_significant,ranked_summary
m_d,ζ(13) × ζ(19) × delta_F,4.6697874688,4.6700000000,0.0045509892,,5,2,,,,0.9999999979,0.9999999978,,740,1.0000000000,0.0000000000,not_significant,odd_zeta
m_d,ζ(13) × ζ(21) × delta_F,4.6697803213,4.6700000000,0.0047040415,,5,2,,,,0.9999999978,0.9999999977,,740,1.0000000000,0.0000000000,not_significant,odd_zeta
m_d,ζ(13) × ζ(15) × delta_F,4.6698304891,4.6700000000,0.0036297828,,5,2,,,,0.9999999987,0.9999999986,,740,1.0000000000,0.0000000000,not_significant,odd_zeta
m_d,ζ(13) × ζ(17) × delta_F,4.6698017989,4.6700000000,0.0042441358,,5,2,,,,0.9999999982,0.9999999981,,740,1.0000000000,0.0000000000,not_significant,odd_zeta
m_d,(ζ(13)/ζ(19)) × delta_F,4.6697589008,4.6700000000,0.0051627233,,5,2,,,,0.9999999973,0.9999999972,,1480,1.0000000000,0.0000000000,not_significant,odd_zeta
m_d,(ζ(13)/ζ(17)) × delta_F,4.6697445709,4.6700000000,0.0054695738,,5,2,,,,0.9999999970,0.9999999968,,1480,1.0000000000,0.0000000000,not_significant,odd_zeta
m_d,(ζ(13)/ζ(15)) × delta_F,4.6697158811,4.6700000000,0.0060839155,,5,2,,,,0.9999999963,0.9999999961,,1480,1.0000000000,0.0000000000,not_significant,odd_zeta
n_s,ζ(11)/ζ(5),0.9648639297,0.9648000000,0.0066262088,,3,1,,,,0.9999999956,0.9999999955,,740,1.0000000000,0.0000000000,not_significant,odd_zeta
m_d,ζ(15) × ζ(17) × delta_F,4.6692875172,4.6700000000,0.0152565900,,5,2,,,,0.9999999767,0.9999999754,,740,1.0000000000,0.0000000000,not_significant,odd_zeta_extended
m_d,ζ(15) × ζ(19) × delta_F,4.6692731888,4.6700000000,0.0155634095,,5,2,,,,0.9999999758,0.9999999744,,740,1.0000000000,0.0000000000,not_significant,odd_zeta_extended
m_d,ζ(15) × ζ(21) × delta_F,4.6692660420,4.6700000000,0.0157164450,,5,2,,,,0.9999999753,0.9999999738,,740,1.0000000000,0.0000000000,not_significant,odd_zeta_extended
m_d,ζ(15) × delta_F,4.6692589063,4.6700000000,0.0158692433,,3,1,,,,0.9999999748,0.9999999741,,740,1.0000000000,0.0000000000,not_significant,odd_zeta_extended
m_d,(ζ(15)/ζ(21)) × delta_F,4.6692517707,4.6700000000,0.0160220414,,5,2,,,,0.9999999743,0.9999999728,,1480,1.0000000000,0.0000000000,not_significant,odd_zeta_extended
m_d,(ζ(15)/ζ(19)) × delta_F,4.6692446239,4.6700000000,0.0161750762,,5,2,,,,0.9999999738,0.9999999723,,1480,1.0000000000,0.0000000000,not_significant,odd_zeta_extended
m_d,ζ(17) × ζ(19) × delta_F,4.6692445019,4.6700000000,0.0161776892,,5,2,,,,0.9999999738,0.9999999723,,740,1.0000000000,0.0000000000,not_significant,odd_zeta_extended
m_d,ζ(17) × ζ(21) × delta_F,4.6692373552,4.6700000000,0.0163307238,,5,2,,,,0.9999999733,0.9999999718,,740,1.0000000000,0.0000000000,not_significant,odd_zeta_extended
m_d,(ζ(15)/ζ(17)) × delta_F,4.6692302956,4.6700000000,0.0164818930,,5,2,,,,0.9999999728,0.9999999712,,1480,1.0000000000,0.0000000000,not_significant,odd_zeta_extended
m_d,ζ(17) × delta_F,4.6692302196,4.6700000000,0.0164835212,,3,1,,,,0.9999999728,0.9999999721,,740,1.0000000000,0.0000000000,not_significant,odd_zeta_extended
m_d,ζ(13) × delta_F,4.6697731848,4.6700000000,0.0048568567,,3,1,,,,0.9999999976,0.9999999976,,740,1.0000000000,0.0000000000,not_significant,odd_zeta
m_d,(ζ(13)/ζ(21)) × delta_F,4.6697660483,4.6700000000,0.0050096716,,5,2,,,,0.9999999975,0.9999999973,,1480,1.0000000000,0.0000000000,not_significant,odd_zeta
m_d,ζ(19) × ζ(21) × delta_F,4.6692230269,4.6700000000,0.0166375400,,5,2,,,,0.9999999723,0.9999999707,,740,1.0000000000,0.0000000000,not_significant,odd_zeta_extended
m_d,(ζ(17)/ζ(21)) × delta_F,4.6692230839,4.6700000000,0.0166363183,,5,2,,,,0.9999999723,0.9999999707,,1480,1.0000000000,0.0000000000,not_significant,odd_zeta_extended
m_d,(ζ(17)/ζ(19)) × delta_F,4.6692159373,4.6700000000,0.0167893522,,5,2,,,,0.9999999718,0.9999999702,,1480,1.0000000000,0.0000000000,not_significant,odd_zeta_extended
m_d,ζ(19) × delta_F,4.6692158913,4.6700000000,0.0167903370,,3,1,,,,0.9999999718,0.9999999710,,740,1.0000000000,0.0000000000,not_significant,odd_zeta_extended
m_d,delta_F / ζ(21),4.6691944734,4.6700000000,0.0172489633,,3,1,,,,0.9999999702,0.9999999694,,740,1.0000000000,0.0000000000,not_significant,odd_zeta_extended
m_d,delta_F / ζ(19),4.6691873268,4.6700000000,0.0174019962,,3,1,,,,0.9999999697,0.9999999689,,740,1.0000000000,0.0000000000,not_significant,odd_zeta_extended
m_d,(ζ(19)/ζ(21)) × delta_F,4.6692087557,4.6700000000,0.0169431337,,5,2,,,,0.9999999713,0.9999999696,,1480,1.0000000000,0.0000000000,not_significant,odd_zeta_extended
m_d,ζ(21) × delta_F,4.6692087446,4.6700000000,0.0169433706,,3,1,,,,0.9999999713,0.9999999705,,740,1.0000000000,0.0000000000,not_significant,odd_zeta_extended
m_d,(ζ(11)/ζ(13)) × delta_F,4.6709372870,4.6700000000,0.0200703846,,5,2,,,,0.9999999597,0.9999999573,,1480,1.0000000000,0.0000000000,not_significant,odd_zeta_extended
m_d,delta_F / ζ(13),4.6686301032,4.6700000000,0.0293339793,,3,1,,,,0.9999999140,0.9999999115,,740,1.0000000000,0.0000000000,not_significant,odd_zeta_extended
n_s,ζ(13)/ζ(5),0.9645053950,0.9648000000,0.0305353471,,3,1,,,,0.9999999068,0.9999999041,,740,1.0000000000,0.0000000000,not_significant,odd_zeta_extended
m_d,(ζ(11)/ζ(15)) × delta_F,4.6714517503,4.6700000000,0.0310867297,,5,2,,,,0.9999999034,0.9999998977,,1480,1.0000000000,0.0000000000,not_significant,odd_zeta_extended
m_d,(ζ(11)/ζ(17)) × delta_F,4.6714804507,4.6700000000,0.0317012998,,5,2,,,,0.9999998995,0.9999998936,,1480,1.0000000000,0.0000000000,not_significant,odd_zeta_extended
m_d,(ζ(11)/ζ(19)) × delta_F,4.6714947859,4.6700000000,0.0320082644,,5,2,,,,0.9999998975,0.9999998915,,1480,1.0000000000,0.0000000000,not_significant,odd_zeta_extended
m_d,delta_F / ζ(17),4.6691729986,4.6700000000,0.0177088091,,3,1,,,,0.9999999686,0.9999999677,,740,1.0000000000,0.0000000000,not_significant,odd_zeta_extended
m_d,delta_F / ζ(15),4.6691443124,4.6700000000,0.0183230757,,3,1,,,,0.9999999664,0.9999999655,,740,1.0000000000,0.0000000000,not_significant,odd_zeta_extended
n_s,ζ(15)/ζ(5),0.9643991747,0.9648000000,0.0415449058,,3,1,,,,0.9999998274,0.9999998225,,740,1.0000000000,0.0000000000,not_significant,odd_zeta_extended
n_s,ζ(17)/ζ(5),0.9643932497,0.9648000000,0.0421590258,,3,1,,,,0.9999998223,0.9999998172,,740,1.0000000000,0.0000000000,not_significant,odd_zeta_extended
n_s,ζ(19)/ζ(5),0.9643902903,0.9648000000,0.0424657628,,3,1,,,,0.9999998197,0.9999998145,,740,1.0000000000,0.0000000000,not_significant,odd_zeta_extended
n_s,ζ(21)/ζ(5),0.9643888142,0.9648000000,0.0426187572,,3,1,,,,0.9999998184,0.9999998132,,740,1.0000000000,0.0000000000,not_significant,odd_zeta_extended
lambda_H,(ζ(5)/ζ(7)) / rank_E8,0.1285427305,0.1286000000,0.0445330632,,6,3,,,,0.9999998017,0.9999997837,,740,1.0000000000,0.0000000000,not_significant,odd_zeta_extended
Ω_DM,ζ(3)/ζ(9) / 10,0.1199650000,0.1200000000,0.0293720000,,5,2,,,,0.9999999137,0.9999999087,,740,1.0000000000,0.0000000000,not_significant,zeta_ratio
m_d/m_u,√5 × ζ(9)/ζ(5),2.1607670000,2.1620000000,0.0570480000,,5,2,,,,0.9999996746,0.9999996554,,1480,1.0000000000,0.0000000000,not_significant,zeta_ratio
Ω_DE,ζ(9)/ζ(5) / √2,0.6832940000,0.6847000000,0.2052870000,,5,2,,,,0.9999957857,0.9999955378,,740,1.0000000000,0.0000000000,not_significant,zeta_ratio
θ₁₂_rad,ζ(7)/ζ(21) / √3,0.5821620000,0.5836380000,0.2529430000,,5,2,,,,0.9999936020,0.9999932256,,740,1.0000000000,0.0000000000,not_significant,zeta_ratio
Q_Koide,ln(2) × ζ(21)/ζ(5),0.6684730000,0.6667000000,0.2658740000,,6,3,,,,0.9999929311,0.9999922885,,1480,1.0000000000,0.0000000000,not_significant,zeta_ratio
sin²θ_W,ζ(3)/ζ(5) / 5,0.2318500000,0.2312200000,0.2723350000,,5,2,,,,0.9999925834,0.9999921471,,740,1.0000000000,0.0000000000,not_significant,zeta_ratio
δ_CP_rad,4 × ζ(5)/ζ(3),3.4505110000,3.4382990000,0.3551980000,,5,2,,,,0.9999873834,0.9999866413,,1480,1.0000000000,0.0000000000,not_significant,zeta_ratio
θ₂₃,180/π × ζ(5)/ζ(3),49.4249350000,49.2000000000,0.4571840000,,7,3,,,,0.9999790983,0.9999771981,,1480,1.0000000000,0.0000000000,not_significant,zeta_ratio
θ₂₃_rad,ζ(5)/ζ(3),0.8626280000,0.8587020000,0.4571840000,,3,1,,,,0.9999790983,0.9999785011,,740,1.0000000000,0.0000000000,not_significant,zeta_ratio
m_d,(ζ(11)/ζ(21)) × delta_F,4.6715019361,4.6700000000,0.0321613729,,5,2,,,,0.9999998966,0.9999998905,,1480,1.0000000000,0.0000000000,not_significant,odd_zeta_extended
Omega_DM,(ζ(5)/ζ(9)) × delta,0.2600860145,0.2600000000,0.0330825166,,4,2,,,,0.9999998906,0.9999998841,,1480,1.0000000000,0.0000000000,not_significant,odd_zeta_extended
D_H,ζ(3)/ζ(21) / √2,0.8499700000,0.8562200000,0.7300000000,,5,2,,,,0.9999467100,0.9999435753,,740,1.0000000000,0.0000000000,not_significant,zeta_ratio
α_s,ζ(21)/ζ(3) / 7,0.1188460000,0.1179000000,0.8021430000,,5,2,,,,0.9999356567,0.9999318718,,740,1.0000000000,0.0000000000,not_significant,zeta_ratio
θ₁₃_rad,ζ(5)/ζ(21) / 7,0.1481300000,0.1495750000,0.9657010000,,5,2,,,,0.9999067422,0.9999012564,,740,1.0000000000,0.0000000000,not_significant,zeta_ratio
θ_C_rad,ζ(3)/ζ(5) / 5,0.2318500000,0.2275910000,1.8712330000,,5,2,,,,0.9996498487,0.9996292516,,740,1.0000000000,0.0000000000,not_significant,zeta_ratio
alpha_s,sqrt(4.669202 × 2.502908) / 29,0.1178820000,0.1179000000,0.0157000000,,6,3,,,,0.9999999754,0.9999999731,,148,1.0000000000,0.0000000000,not_significant,feigenbaum
theta_13_CKM,sqrt(4.669202 × 2.502908) / 17,0.2010920000,0.2010000000,0.0458000000,,6,3,,,,0.9999997902,0.9999997712,,148,1.0000000000,0.0000000000,not_significant,feigenbaum
Q_Koide,4.669202 / 7,0.6670290000,0.6667000000,0.0493000000,,3,1,,,,0.9999997570,0.9999997500,,74,1.0000000000,0.0000000000,not_significant,feigenbaum
theta_13,arctan(4.669202 / 31),8.5654710000,8.5700000000,0.0528000000,,5,2,,,,0.9999997212,0.9999997048,,74,1.0000000000,0.0000000000,not_significant,feigenbaum
tan_theta_13,4.669202 / 31,0.1506190000,0.1507000000,0.0536000000,,3,1,,,,0.9999997127,0.9999997045,,74,1.0000000000,0.0000000000,not_significant,feigenbaum
m_d_over_m_u,sqrt(4.669202),2.1608340000,2.1620000000,0.0540000000,,2,1,,,,0.9999997084,0.9999997001,,37,1.0000000000,0.0000000000,not_significant,feigenbaum
sin2_theta_W,(4.669202 + 2.502908) / 31,0.2313580000,0.2312200000,0.0598000000,,5,2,,,,0.9999996424,0.9999996214,,74,1.0000000000,0.0000000000,not_significant,feigenbaum
m_H_over_m_W,4.669202 / 3,1.5564010000,1.5582430000,0.1182000000,,3,1,,,,0.9999986029,0.9999985630,,74,1.0000000000,0.0000000000,not_significant,feigenbaum
Omega_DE,sqrt(4.669202 × 2.502908) / 5,0.6837130000,0.6847000000,0.1442000000,,6,3,,,,0.9999979206,0.9999977316,,148,1.0000000000,0.0000000000,not_significant,feigenbaum
Omega_DM,4.669202 / 39,0.1197230000,0.1200000000,0.2307000000,,3,1,,,,0.9999946778,0.9999945257,,74,1.0000000000,0.0000000000,not_significant,feigenbaum
theta_23,arctan(4.669202 / 4),49.4140790000,49.2000000000,0.4351000000,,5,2,,,,0.9999810688,0.9999799552,,74,1.0000000000,0.0000000000,not_significant,feigenbaum
theta_23_CKM,(4.669202 + 2.502908) / 3,2.3907030000,2.3800000000,0.4497000000,,5,2,,,,0.9999797770,0.9999785874,,74,1.0000000000,0.0000000000,not_significant,feigenbaum
tan_theta_23,4.669202 / 4,1.1673000000,1.1585110000,0.7587000000,,3,1,,,,0.9999424374,0.9999407928,,74,1.0000000000,0.0000000000,not_significant,feigenbaum
theta_C_Cabibbo,arctan(4.669202 / 20),13.1409090000,13.0400000000,0.7738000000,,5,2,,,,0.9999401234,0.9999366012,,74,1.0000000000,0.0000000000,not_significant,feigenbaum
theta_12,arctan(4.669202 / 7),33.7044300000,33.4400000000,0.7908000000,,5,2,,,,0.9999374635,0.9999337849,,74,1.0000000000,0.0000000000,not_significant,feigenbaum
tan_theta_C,4.669202 / 20,0.2334600000,0.2316040000,0.8016000000,,3,1,,,,0.9999357437,0.9999339079,,74,1.0000000000,0.0000000000,not_significant,feigenbaum
lambda_H,4.669202 / 36,0.1297000000,0.1286000000,0.8554000000,,3,1,,,,0.9999268291,0.9999247385,,74,1.0000000000,0.0000000000,not_significant,feigenbaum
tan_theta_12,4.669202 / 7,0.6670290000,0.6603810000,1.0067000000,,3,1,,,,0.9998986555,0.9998957600,,74,1.0000000000,0.0000000000,not_significant,feigenbaum
m_H_over_m_Z,2.502908^(1/3),1.3577350000,1.3735420000,1.1508000000,,5,2,,,,0.9998675659,0.9998597757,,74,1.0000000000,0.0000000000,not_significant,feigenbaum
m_t_over_m_H,2.502908^(1/3),1.3577350000,1.3772460000,1.4166000000,,5,2,,,,0.9997993244,0.9997875200,,74,1.0000000000,0.0000000000,not_significant,feigenbaum
m_H_over_m_W,sqrt(2.502908),1.5820580000,1.5582430000,1.5283000000,,2,1,,,,0.9997664299,0.9997597565,,37,1.0000000000,0.0000000000,not_significant,feigenbaum
m_chi2_over_m_chi1,2.502908^1.5,3.9597460000,3.8972380000,1.6039000000,,3,1,,,,0.9997427505,0.9997354005,,37,1.0000000000,0.0000000000,not_significant,feigenbaum
m_W_over_m_Z,(4.669202 + 2.502908) / 8,0.8965140000,0.8814690000,1.7068000000,,5,2,,,,0.9997086834,0.9996915471,,74,1.0000000000,0.0000000000,not_significant,feigenbaum
m_H_over_m_W,1.584963,1.5849630000,1.5582430000,1.7147000000,,1,1,,,,0.9997059804,0.9996975798,,37,1.0000000000,0.0000000000,not_significant,feigenbaum
Q_Koide,sqrt(4.669202 × 2.502908) / 5,0.6837130000,0.6667000000,2.5518000000,,6,3,,,,0.9993488317,0.9992896346,,148,1.0000000000,0.0000000000,not_significant,feigenbaum
Omega_DE,4.669202 / 7,0.6670290000,0.6847000000,2.5809000000,,3,1,,,,0.9993338955,0.9993148640,,74,1.0000000000,0.0000000000,not_significant,feigenbaum
θ₁₃,10 × ζ(5)/ζ(3),8.6262780000,8.5700000000,0.6566910000,,5,2,,,,0.9999568757,0.9999543390,,1480,1.0000000000,0.0000000000,not_significant,zeta_ratio
m_b/m_c,e × ζ(3)/ζ(21),3.2674800000,3.2900000000,0.6845140000,,4,2,,,,0.9999531441,0.9999503878,,1480,1.0000000000,0.0000000000,not_significant,zeta_ratio
n_s,4.669202 / 5,0.9338400000,0.9649000000,3.2190000000,,3,1,,,,0.9989638039,0.9989341983,,74,1.0000000000,0.0000000000,not_significant,feigenbaum
m_chi2_over_m_chi1,6 × 0.630930,3.7855790000,3.8972380000,2.8651000000,,3,1,,,,0.9991791202,0.9991556665,,74,1.0000000000,0.0000000000,not_significant,feigenbaum
m_b_over_m_c,2 × 1.584963,3.1699250000,3.2900000000,3.6497000000,,3,1,,,,0.9986679690,0.9986299110,,74,1.0000000000,0.0000000000,not_significant,feigenbaum
m_c_over_m_s,9 × 1.584963,14.2646630000,13.6000000000,4.8872000000,,3,1,,,,0.9976115276,0.9975432855,,74,1.0000000000,0.0000000000,not_significant,feigenbaum
g_Y,sqrt(Weyl / 39),0.3580574370,0.3570000000,0.2962008459,,4,2,,,,0.9999912265,0.9999907104,,74,1.0000000000,0.0000000000,not_significant,refined_zeta
alpha_s,ζ(7) / (rank + 1/2),0.1186293268,0.1179000000,0.6185977530,,7,3,,,,0.9999617337,0.9999582549,,740,1.0000000000,0.0000000000,not_significant,refined_zeta
alpha_s,sqrt(2) / 12,0.1178511302,0.1179000000,0.0414502139,,4,2,,,,0.9999998282,0.9999998181,,74,1.0000000000,0.0000000000,not_significant,refined_zeta
H_0,H0_CMB × (ζ(3)/xi)^(pi/8),72.9340276367,73.0400000000,0.1450881206,,10,5,,,,0.9999978949,0.9999975554,,1480,1.0000000000,0.0000000000,not_significant,refined_zeta
Omega_b,ζ(7) / b2,0.0480166323,0.0486000000,1.2003451517,,4,2,,,,0.9998559172,0.9998474417,,740,1.0000000000,0.0000000000,not_significant,refined_zeta
alpha_s,ζ(7) × gamma / Weyl,0.1164069997,0.1179000000,1.2663276344,,5,2,,,,0.9998396414,0.9998302086,,1480,1.0000000000,0.0000000000,not_significant,refined_zeta
sigma_8,4 / Weyl,0.8000000000,0.8110000000,1.3563501850,,3,1,,,,0.9998160314,0.9998107752,,74,1.0000000000,0.0000000000,not_significant,refined_zeta
Omega_b,ζ(5) / b2,0.0493775121,0.0486000000,1.5998192380,,4,2,,,,0.9997440578,0.9997290024,,740,1.0000000000,0.0000000000,not_significant,refined_zeta
H_0,100 × ζ(3) / phi,74.2912022564,73.0400000000,1.7130370433,,5,2,,,,0.9997065504,0.9996892887,,1480,1.0000000000,0.0000000000,not_significant,refined_zeta
Omega_b,ζ(9) / b2,0.0477146854,0.0486000000,1.8216350357,,4,2,,,,0.9996681646,0.9996486448,,740,1.0000000000,0.0000000000,not_significant,refined_zeta
H_0,H0_CMB × ζ(3)^(pi/8),72.4083353285,73.0400000000,0.8648201965,,8,4,,,,0.9999252086,0.9999158597,,1480,1.0000000000,0.0000000000,not_significant,refined_zeta
g_Y,1 / sqrt(rank),0.3535533906,0.3570000000,0.9654368086,,4,2,,,,0.9999067932,0.9999013104,,74,1.0000000000,0.0000000000,not_significant,refined_zeta
g_2,2 / M2,0.6666666667,0.6530000000,2.0929045431,,4,2,,,,0.9995619751,0.9995362089,,74,1.0000000000,0.0000000000,not_significant,refined_zeta
alpha_s,ζ(5) / (rank + 1),0.1152141950,0.1179000000,2.2780364581,,5,2,,,,0.9994810550,0.9994505288,,740,1.0000000000,0.0000000000,not_significant,refined_zeta
sin_theta_C,sqrt(ζ(7) / b2),0.2191269775,0.2254000000,2.7830623458,,5,2,,,,0.9992254564,0.9991798950,,740,1.0000000000,0.0000000000,not_significant,refined_zeta
g_2,sqrt(ζ(3) / M2),0.6329973415,0.6530000000,3.0631942524,,5,2,,,,0.9990616841,0.9990064890,,740,1.0000000000,0.0000000000,not_significant,refined_zeta
g_Y,ζ(5) / M2,0.3456425850,0.3570000000,3.1813487261,,4,2,,,,0.9989879020,0.9989283669,,740,1.0000000000,0.0000000000,not_significant,refined_zeta
alpha_s,1 / (rank + 1/ζ(13)),0.1111126222,0.1179000000,5.7568937820,,7,3,,,,0.9966858174,0.9963845281,,740,1.0000000000,0.0000000000,not_significant,refined_zeta
m_s/m_d,10 × [1/ζ(19)+1/ζ(21)],19.9995410000,20.0000000000,0.0022930000,,9,4,,,,0.9999999995,0.9999999994,,1480,1.0000000000,0.0000000000,not_significant,extended_zeta
m_b/m_u,1e+04 × [ζ(3)-ζ(7)],1937.0762580000,1935.1900000000,0.0974710000,,7,3,,,,0.9999990499,0.9999989636,,740,1.0000000000,0.0000000000,not_significant,extended_zeta
H₀_ratio,1 × ζ(5)^3/ζ(7)^3,1.0874580000,1.0843230000,0.2891240000,,9,4,,,,0.9999916407,0.9999905958,,1480,1.0000000000,0.0000000000,not_significant,extended_zeta
m_t/m_c,100 × ζ(3)^2/ζ(5)^2,134.3856990000,135.8300000000,1.0633150000,,9,4,,,,0.9998869361,0.9998728031,,1480,1.0000000000,0.0000000000,not_significant,extended_zeta
m_μ/m_e,100 × [ζ(5)+ζ(7)],204.5277030000,206.7680000000,1.0834830000,,5,2,,,,0.9998826065,0.9998757010,,740,1.0000000000,0.0000000000,not_significant,extended_zeta
α⁻¹,100 × ζ(3)^2/ζ(5)^1,139.3482610000,137.0360000000,1.6873390000,,9,4,,,,0.9997152887,0.9996796998,,1480,1.0000000000,0.0000000000,not_significant,extended_zeta
m_b/m_d,1000 × ζ(5)/[ζ(3)×ζ(15)],862.5220010000,895.0700000000,3.6363630000,,7,3,,,,0.9986776864,0.9985574761,,1480,1.0000000000,0.0000000000,not_significant,extended_zeta
m_t/m_s,1e+04 × [ζ(3)-ζ(7)],1937.0762580000,1846.8900000000,4.8831420000,,7,3,,,,0.9976154924,0.9973987190,,740,1.0000000000,0.0000000000,not_significant,extended_zeta
g_2,ζ(5) / phi,0.6408565966,0.6530000000,1.8596329928,,3,1,,,,0.9996541765,0.9996442958,,740,1.0000000000,0.0000000000,not_significant,refined_zeta
alpha_s,ζ(9) × gamma / Weyl,0.1156749881,0.1179000000,1.8872025953,,5,2,,,,0.9996438466,0.9996228964,,1480,1.0000000000,0.0000000000,not_significant,refined_zeta
m_d,ζ(13) × δ_F,4.6697732000,4.6700000000,0.0049000000,0.4800000000,2,1,-0.1849694698,3.9808568521,2.3699389395,0.9999999976,0.9999999975,0.9996196252,740,1.0000000000,0.0000000000,not_significant,ranked_summary
m_d,ζ(13) × ζ(15) × δ_F,4.6698305000,4.6700000000,0.0036000000,0.4800000000,4,2,-0.1849694205,7.5917746662,4.3699388409,0.9999999987,0.9999999986,0.9997205409,740,1.0000000000,0.0000000000,not_significant,ranked_summary
alpha_s,√2/12,0.1178511300,0.1179000000,0.0400000000,0.0001000000,3,1,8.1719879938,-12.7330580749,-14.3439759875,0.9999998400,0.9999998354,0.6372123267,74,1.0000000000,0.0000000000,not_significant,ranked_summary
H_0,H₀^CMB × (ζ(3)/ξ)^β₀,72.9300000000,73.0400000000,0.1500000000,1.0400000000,5,2,-0.9637528114,9.1493414482,5.9275056229,0.9999977500,0.9999976176,0.9161011412,1480,1.0000000000,0.0000000000,not_significant,ranked_summary
Omega_b,ζ(7)/b₂,0.0480170000,0.0486000000,1.2000000000,0.0010000000,2,1,5.8188722458,-8.0268265789,-9.6377444916,0.9998560000,0.9998518857,0.5597586712,740,1.0000000000,0.0000000000,not_significant,ranked_summary
sigma_8,4/Weyl,0.8000000000,0.8110000000,1.3600000000,0.0060000000,3,1,2.5165017210,-1.4220855293,-3.0330034420,0.9998150400,0.9998097554,0.0660231204,74,1.0000000000,0.0000000000,not_significant,ranked_summary
g_Y,√(Weyl/39),0.3580570000,0.3570000000,0.3000000000,0.0020000000,3,1,5.1560134402,-6.7011089678,-8.3120268804,0.9999910000,0.9999907429,0.5923041576,74,1.0000000000,0.0000000000,not_significant,ranked_summary
Omega_DM,ζ(7)/τ,0.2587670000,0.2600000000,0.4700000000,0.0120000000,2,1,3.4986313147,-3.3863447168,-4.9972626295,0.9999779100,0.9999772789,0.9188889670,740,1.0000000000,0.0000000000,not_significant,ranked_summary
Omega_b,ζ(9)/b₂,0.0477150000,0.0486000000,1.8200000000,0.0010000000,2,1,5.5972042458,-7.5834905789,-9.1944084916,0.9996687600,0.9996592960,0.3764155709,740,1.0000000000,0.0000000000,not_significant,ranked_summary
Omega_b,ζ(5)/b₂,0.0493780000,0.0486000000,1.6000000000,0.0010000000,2,1,5.6861747458,-7.7614315789,-9.3723494916,0.9997440000,0.9997366857,0.4368048610,740,1.0000000000,0.0000000000,not_significant,ranked_summary
Weyl,2 + 3,5.0000000000,5.0000000000,0.0000000000,,3,1,,,,1.0000000000,1.0000000000,,37,1.0000000000,0.0000000000,not_significant,validation_patterns
dim(K₇),2 + 5,7.0000000000,7.0000000000,0.0000000000,,3,1,,,,1.0000000000,1.0000000000,,37,1.0000000000,0.0000000000,not_significant,validation_patterns
N_gen,|2 - 5|,3.0000000000,3.0000000000,0.0000000000,,3,1,,,,1.0000000000,1.0000000000,,37,1.0000000000,0.0000000000,not_significant,validation_patterns
Weyl,|2 - 7|,5.0000000000,5.0000000000,0.0000000000,,3,1,,,,1.0000000000,1.0000000000,,37,1.0000000000,0.0000000000,not_significant,validation_patterns
dim(G₂),2 × 7,14.0000000000,14.0000000000,0.0000000000,,3,1,,,,1.0000000000,1.0000000000,,74,1.0000000000,0.0000000000,not_significant,validation_patterns
b₂,2 + 19,21.0000000000,21.0000000000,0.0000000000,,3,1,,,,1.0000000000,1.0000000000,,37,1.0000000000,0.0000000000,not_significant,validation_patterns
rank(E₈),3 + 5,8.0000000000,8.0000000000,0.0000000000,,3,1,,,,1.0000000000,1.0000000000,,37,1.0000000000,0.0000000000,not_significant,validation_patterns
p₂,|3 - 5|,2.0000000000,2.0000000000,0.0000000000,,3,1,,,,1.0000000000,1.0000000000,,37,1.0000000000,0.0000000000,not_significant,validation_patterns
b₂,3 × 7,21.0000000000,21.0000000000,0.0000000000,,3,1,,,,1.0000000000,1.0000000000,,74,1.0000000000,0.0000000000,not_significant,validation_patterns
dim(G₂),|3 - 17|,14.0000000000,14.0000000000,0.0000000000,,3,1,,,,1.0000000000,1.0000000000,,37,1.0000000000,0.0000000000,not_significant,validation_patterns
p₂,|5 - 7|,2.0000000000,2.0000000000,0.0000000000,,3,1,,,,1.0000000000,1.0000000000,,37,1.0000000000,0.0000000000,not_significant,validation_patterns
rank(E₈),|5 - 13|,8.0000000000,8.0000000000,0.0000000000,,3,1,,,,1.0000000000,1.0000000000,,37,1.0000000000,0.0000000000,not_significant,validation_patterns
dim(G₂),|5 - 19|,14.0000000000,14.0000000000,0.0000000000,,3,1,,,,1.0000000000,1.0000000000,,37,1.0000000000,0.0000000000,not_significant,validation_patterns
p₂,|17 - 19|,2.0000000000,2.0000000000,0.0000000000,,3,1,,,,1.0000000000,1.0000000000,,37,1.0000000000,0.0000000000,not_significant,validation_patterns
dim(G₂),|17 - 31|,14.0000000000,14.0000000000,0.0000000000,,3,1,,,,1.0000000000,1.0000000000,,37,1.0000000000,0.0000000000,not_significant,validation_patterns
Omega_DM,(ln(2)×M₂)/rank,0.2599301927,0.2600000000,0.0268489577,,5,2,,,,0.9999999279,0.9999999237,,148,1.0000000000,0.0000000000,not_significant,validation_patterns
sin2_theta_W,(φ×M₂)/b₂,0.2311477127,0.2312100000,0.0269397178,,2,1,,,,0.9999999274,0.9999999254,,148,1.0000000000,0.0000000000,not_significant,validation_patterns
Q_Koide,(δ_F×M₂)/b₂,0.6670288013,0.6667000000,0.0493177292,,2,1,,,,0.9999997568,0.9999997498,,148,1.0000000000,0.0000000000,not_significant,validation_patterns
sin2_theta_W,(ln(2)×M₃)/b₂,0.2310490602,0.2312100000,0.0696076352,,4,2,,,,0.9999995155,0.9999994870,,148,1.0000000000,0.0000000000,not_significant,validation_patterns
sin2_theta_23,(τ×M₂)/b₂,0.5566778900,0.5580000000,0.2369372740,,2,1,,,,0.9999943861,0.9999942257,,148,1.0000000000,0.0000000000,not_significant,validation_patterns
sin2_theta_13,(γ×M₂)/b₃,0.0224889220,0.0224100000,0.3521731778,,2,1,,,,0.9999875974,0.9999872430,,148,1.0000000000,0.0000000000,not_significant,validation_patterns
sin2_theta_W,(γ×M₅)/b₃,0.2323855274,0.2312100000,0.5084241287,,2,1,,,,0.9999741505,0.9999734119,,148,1.0000000000,0.0000000000,not_significant,validation_patterns
