observable,formula,experimental,theoretical,deviation_pct,complexity,pattern_type,quality
m_mu_over_m_e,200*ζ(5)*ζ(13),206.768,207.41100620821194,0.3109795559331925,6,product,33.005306620086046
m_mu_over_m_e,200*ζ(13)*ζ(5),206.768,207.41100620821194,0.3109795559331925,6,product,33.005306620086046
m_mu_over_m_e,200*ζ(5)*ζ(11),206.768,207.48804994375197,0.34824051291881425,6,product,32.99297016312428
m_mu_over_m_e,200*ζ(11)*ζ(5),206.768,207.48804994375197,0.34824051291881425,6,product,32.99297016312428
m_mu_over_m_e,200*ζ(5)*ζ(9),206.768,207.802052420148,0.500102733569985,6,product,32.94269121430653
m_mu_over_m_e,200*ζ(9)*ζ(5),206.768,207.802052420148,0.500102733569985,6,product,32.94269121430653
m_b_over_m_d,500*ζ(3)^3*ζ(5),895.07,900.52049111386,0.6089457934977069,8,product,32.604041950606536
m_b_over_m_d,500*ζ(5)*ζ(3)^3,895.07,900.52049111386,0.6089457934977069,8,product,32.604041950606536
m_c,500*(ζ(3)^2+ζ(5)^2),1270.0,1260.080026625225,0.7811002657303192,9,mixed_quadratic,30.79899061409975
m_H,100*ζ(3)*ζ(5),125.25,124.644621679182,0.48333598468503397,6,product,29.87250541966919
m_H,100*ζ(5)*ζ(3),125.25,124.644621679182,0.48333598468503397,6,product,29.87250541966919
m_b_over_m_u,1000*ζ(3)^3*ζ(5)^3,1935.19,1936.5139564861856,0.06841480610098129,10,product,29.860901942496824
m_b_over_m_u,1000*ζ(5)^3*ζ(3)^3,1935.19,1936.5139564861856,0.06841480610098129,10,product,29.860901942496824
m_chi_2,200*ζ(3)^3*ζ(7),352.7,350.28059112710326,0.6859679254030974,8,product,28.123913786320493
m_chi_2,200*ζ(7)*ζ(3)^3,352.7,350.28059112710326,0.6859679254030974,8,product,28.123913786320493
m_c,200*ζ(7)*α_F^2,1270.0,1263.3704839880374,0.5220091348002008,10,mixed_alpha_F,28.072196611114748
m_b_over_m_d,500*ζ(3)^3*ζ(7)^3,895.07,890.3855123750117,0.5233655049312766,10,product,26.699003620947714
m_b_over_m_d,500*ζ(7)^3*ζ(3)^3,895.07,890.3855123750117,0.5233655049312766,10,product,26.699003620947714
v_EW,200*ζ(3)*ζ(7)^3,246.22,246.48359794974536,0.10705789527469761,8,product,26.561351301698842
v_EW,200*ζ(7)^3*ζ(3),246.22,246.48359794974536,0.10705789527469761,8,product,26.561351301698842
v_EW,200*ζ(3)*ζ(7)^2,246.22,244.44267274221878,0.72184520257543,8,product,26.39788047682394
v_EW,200*ζ(7)^2*ζ(3),246.22,244.44267274221878,0.72184520257543,8,product,26.39788047682394
m_mu_over_m_e,200*ζ(7)*ζ(7)^3,206.768,206.76355957368338,0.002147540391462898,8,product,25.750320981012052
m_mu_over_m_e,200*ζ(7)^3*ζ(7),206.768,206.76355957368338,0.002147540391462898,8,product,25.750320981012052
m_mu_over_m_e,200*ζ(5)*ζ(13)^2,206.768,207.43645553867367,0.32328771312469484,8,product,25.66762457979565
m_mu_over_m_e,200*ζ(13)^2*ζ(5),206.768,207.43645553867367,0.32328771312469484,8,product,25.66762457979565
m_mu_over_m_e,200*ζ(5)*ζ(13)^3,206.768,207.4619079917683,0.33559738052711197,8,product,25.66445473285409
m_mu_over_m_e,200*ζ(13)^3*ζ(5),206.768,207.4619079917683,0.33559738052711197,8,product,25.66445473285409
m_mu_over_m_e,200*ζ(5)*ζ(11)^2,206.768,207.59059053803415,0.3978326133802855,8,product,25.648428616463793
m_mu_over_m_e,200*ζ(11)^2*ζ(5),206.768,207.59059053803415,0.3978326133802855,8,product,25.648428616463793
m_mu_over_m_e,200*ζ(5)*ζ(11)^3,206.768,207.69318180787803,0.4474492222578122,8,product,25.63565190603292
m_mu_over_m_e,200*ζ(11)^3*ζ(5),206.768,207.69318180787803,0.4474492222578122,8,product,25.63565190603292
m_mu_over_m_e,200*ζ(7)^3*ζ(9),206.768,205.46332786701512,0.6309835820750196,8,product,25.588390204305412
m_mu_over_m_e,200*ζ(9)*ζ(7)^3,206.768,205.46332786701512,0.6309835820750196,8,product,25.588390204305412
m_mu_over_m_e,200*ζ(5)*ζ(9)^2,206.768,208.21938128202336,0.7019370898898101,8,product,25.570119055915523
m_mu_over_m_e,200*ζ(9)^2*ζ(5),206.768,208.21938128202336,0.7019370898898101,8,product,25.570119055915523
m_mu_over_m_e,200*ζ(7)^3*ζ(11),206.768,205.15285935620193,0.7811366574122065,8,product,25.54972447508107
m_mu_over_m_e,200*ζ(11)*ζ(7)^3,206.768,205.15285935620193,0.7811366574122065,8,product,25.54972447508107
m_mu_over_m_e,200*ζ(7)^3*ζ(13),206.768,205.07668271544696,0.8179782580249539,8,product,25.540237440930856
m_mu_over_m_e,200*ζ(13)*ζ(7)^3,206.768,205.07668271544696,0.8179782580249539,8,product,25.540237440930856
m_mu_over_m_e,200*ζ(7)*ζ(7)^2,206.768,205.0515228935879,0.8301463990617988,8,product,25.537104038265355
m_mu_over_m_e,200*ζ(7)^2*ζ(7),206.768,205.0515228935879,0.8301463990617988,8,product,25.537104038265355
m_mu_over_m_e,200*ζ(5)*ζ(9)^3,206.768,208.637548265452,0.9041767901474167,8,product,25.518040565541536
m_mu_over_m_e,200*ζ(9)^3*ζ(5),206.768,208.637548265452,0.9041767901474167,8,product,25.518040565541536
m_mu_over_m_e,100*ζ(3)*ζ(3)^3,206.768,208.78538890264187,0.9756775239117607,8,product,25.49962850168693
m_mu_over_m_e,100*ζ(3)^3*ζ(3),206.768,208.78538890264187,0.9756775239117607,8,product,25.49962850168693
v_EW,100*(ζ(3)^2+ζ(7)^2),246.22,246.17091016480995,0.019937387373099465,9,mixed_quadratic,23.926064837415456
v_EW,100*(ζ(3)^2+ζ(9)^2),246.22,244.89614241065,0.5376726461497899,9,mixed_quadratic,23.802166461615254
v_EW,100*(ζ(3)^2+ζ(11)^2),246.22,244.59294350712497,0.6608141064393743,9,mixed_quadratic,23.772697680679617
v_EW,100*(ζ(3)^2+ζ(13)^2),246.22,244.51862058928998,0.6909996794370962,9,mixed_quadratic,23.765474020703564
m_chi_2,200*ζ(3)^3*ζ(7)^2,352.7,353.20518886660074,0.14323472259731984,10,product,23.13622299506189
m_chi_2,200*ζ(7)^2*ζ(3)^3,352.7,353.20518886660074,0.14323472259731984,10,product,23.13622299506189
m_mu_over_m_e,100*(ζ(5)^2+ζ(13)^2),206.768,207.546467746813,0.3764933388208005,9,mixed_quadratic,23.088531299549665
m_mu_over_m_e,100*(ζ(5)^2+ζ(11)^2),206.768,207.62079066464798,0.4124384163158629,9,mixed_quadratic,23.080200745098974
m_mu_over_m_e,100*(ζ(5)^2+ζ(9)^2),206.768,207.923989568173,0.5590756636292842,9,mixed_quadratic,23.04621640959681
m_chi_2,200*ζ(3)^3*ζ(9)^3,352.7,349.47734661520127,0.913709493847099,10,product,22.957708539179166
m_chi_2,200*ζ(9)^3*ζ(3)^3,352.7,349.47734661520127,0.913709493847099,10,product,22.957708539179166
m_chi_2,200*ζ(3)^3*ζ(7)^3,352.7,356.15420495000467,0.9793606322667083,10,product,22.942497557988897
m_chi_2,200*ζ(7)^3*ζ(3)^3,352.7,356.15420495000467,0.9793606322667083,10,product,22.942497557988897
m_chi_1,50*ζ(3)^3*ζ(5),90.5,90.052049111386,0.4949733575845331,8,product,21.68569535800863
m_chi_1,50*ζ(5)*ζ(3)^3,90.5,90.052049111386,0.4949733575845331,8,product,21.68569535800863
v_EW,2*ζ(3)*δ_F^3,246.22,244.7275716719932,0.6061361091734261,10,mixed_feigenbaum,21.623438711404404
v_EW,200*ζ(5)^3*ζ(5)^3,246.22,248.6114370866348,0.9712602902423829,10,product,21.544004830455087
m_mu_over_m_e,200*ζ(7)^2*ζ(7)^2,206.768,206.76355957368332,0.0021475403914903895,10,product,21.068444439009856
m_mu_over_m_e,200*ζ(7)^3*ζ(9)^3,206.768,206.28942055857408,0.23145720876824338,10,product,21.020131421393053
m_mu_over_m_e,200*ζ(9)^3*ζ(7)^3,206.768,206.28942055857408,0.23145720876824338,10,product,21.020131421393053
m_mu_over_m_e,200*ζ(7)^3*ζ(9)^2,206.768,205.87595986837047,0.43142078640289033,10,product,20.978001301379496
m_mu_over_m_e,200*ζ(9)^2*ζ(7)^3,206.768,205.87595986837047,0.43142078640289033,10,product,20.978001301379496
m_mu_over_m_e,200*ζ(7)^3*ζ(11)^3,206.768,205.35568254761918,0.683044500300249,10,product,20.924986960517273
m_mu_over_m_e,200*ζ(11)^3*ζ(7)^3,206.768,205.35568254761918,0.683044500300249,10,product,20.924986960517273
m_mu_over_m_e,2*ζ(7)*δ_F^3,206.768,205.29051127792215,0.7145635311449794,10,mixed_feigenbaum,20.918346248404067
m_mu_over_m_e,200*ζ(7)^3*ζ(11)^2,206.768,205.25424589929574,0.7321026951483118,10,product,20.914650940022714
m_mu_over_m_e,200*ζ(11)^2*ζ(7)^3,206.768,205.25424589929574,0.7321026951483118,10,product,20.914650940022714
m_H,100*ζ(3)*ζ(5)/ζ(13),125.25,124.62932966043267,0.4955451812912781,9,triple_zeta,20.908188359056776
m_H,100*ζ(5)*ζ(3)/ζ(13),125.25,124.62932966043267,0.4955451812912781,9,triple_zeta,20.908188359056776
m_mu_over_m_e,200*ζ(7)^3*ζ(13)^3,206.768,205.12701162087424,0.7936374966753842,10,product,20.901686236130075
m_mu_over_m_e,200*ζ(13)^3*ζ(7)^3,206.768,205.12701162087424,0.7936374966753842,10,product,20.901686236130075
m_H,100*ζ(3)*ζ(5)/ζ(11),125.25,124.58305273452062,0.5324928267300434,9,triple_zeta,20.900424803830383
m_H,100*ζ(5)*ζ(3)/ζ(11),125.25,124.58305273452062,0.5324928267300434,9,triple_zeta,20.900424803830383
m_mu_over_m_e,200*ζ(7)^3*ζ(13)^2,206.768,205.10184562441611,0.8058086239572305,10,product,20.89912191387124
m_mu_over_m_e,200*ζ(13)^2*ζ(7)^3,206.768,205.10184562441611,0.8058086239572305,10,product,20.89912191387124
m_mu_over_m_e,200*ζ(7)^2*ζ(7)^3,206.768,208.48989056163188,0.8327645291495206,10,product,20.89344260199726
m_mu_over_m_e,200*ζ(7)^3*ζ(7)^2,206.768,208.48989056163188,0.8327645291495206,10,product,20.89344260199726
m_H,50*(ζ(3)^2+ζ(5)^2),125.25,126.0080026625225,0.6051917465249503,9,mixed_quadratic,20.885149078624497
m_H,100*ζ(3)*ζ(5)/ζ(9),125.25,124.39479960313902,0.6827947280327182,9,triple_zeta,20.86884289657923
m_H,100*ζ(5)*ζ(3)/ζ(9),125.25,124.39479960313902,0.6827947280327182,9,triple_zeta,20.86884289657923
m_mu_over_m_e,100*ζ(3)^2*ζ(3)^2,206.768,208.7853889026418,0.975677523911733,10,product,20.86333241047113
H_0,50*ζ(3)^2*ζ(7),73.04,72.85025174912752,0.2597867618736083,8,product,20.717886486997806
H_0,50*ζ(7)*ζ(3)^2,73.04,72.85025174912752,0.2597867618736083,8,product,20.717886486997806
H_0,50*ζ(3)^2*ζ(9),73.04,72.39213327139247,0.8870026404812967,8,product,20.58760215178376
H_0,50*ζ(9)*ζ(3)^2,73.04,72.39213327139247,0.8870026404812967,8,product,20.58760215178376
m_H,50*ζ(11)*α_F^1,125.25,125.20724060359123,0.034139238649715874,10,mixed_alpha_F,19.095582203572544
m_H,20*ζ(13)*α_F^2,125.25,125.30632981511692,0.044973904284969994,10,mixed_alpha_F,19.093512554527255
m_H,50*ζ(13)*α_F^1,125.25,125.16074908981312,0.07125821172604935,10,mixed_alpha_F,19.088491698911323
m_H,20*ζ(11)*α_F^2,125.25,125.3528754054993,0.08213605229485381,10,mixed_alpha_F,19.086413802545533
m_H,50*ζ(9)*α_F^1,125.25,125.39672324426812,0.11714430680089145,10,mixed_alpha_F,19.079726489530547
m_H,50*ζ(3)^2*ζ(3)^3,125.25,125.48595867480203,0.18839015952258267,10,product,19.066117032992594
m_H,50*ζ(3)^3*ζ(3)^2,125.25,125.48595867480203,0.18839015952258267,10,product,19.066117032992594
m_H,20*ζ(9)*α_F^2,125.25,125.5425784429097,0.23359556320135785,10,mixed_alpha_F,19.05748184998692
m_H,50*ζ(7)*α_F^1,125.25,126.19027018603686,0.7507147193907027,10,mixed_alpha_F,18.958701213469126
m_H,100*ζ(5)^3*ζ(5)^3,125.25,124.3057185433174,0.753917330684713,10,product,18.958089447344516
m_H,20*ζ(7)*α_F^2,125.25,126.33704839880374,0.8679029132165629,10,mixed_alpha_F,18.93631580337565
m_s_over_m_d,20*ζ(11)*ζ(13),20.0,20.012339212766793,0.06169606383396697,6,product,18.877193392483075
m_s_over_m_d,20*ζ(13)*ζ(11),20.0,20.012339212766793,0.06169606383396697,6,product,18.877193392483075
m_s_over_m_d,20*ζ(9)*ζ(13),20.0,20.042624928368195,0.21312464184097382,6,product,18.84859027996665
m_s_over_m_d,20*ζ(13)*ζ(9),20.0,20.042624928368195,0.21312464184097382,6,product,18.84859027996665
m_s_over_m_d,20*ζ(9)*ζ(11),20.0,20.050069850037197,0.25034925018598386,6,product,18.841558980624832
m_s_over_m_d,20*ζ(11)*ζ(9),20.0,20.050069850037197,0.25034925018598386,6,product,18.841558980624832
m_s_over_m_d,20*ζ(7)*ζ(13),20.0,20.169460489182196,0.8473024459109801,6,product,18.728801404419023
m_s_over_m_d,20*ζ(13)*ζ(7),20.0,20.169460489182196,0.8473024459109801,6,product,18.728801404419023
m_s_over_m_d,20*ζ(7)*ζ(11),20.0,20.176952524481194,0.8847626224059723,6,product,18.721725608969624
m_s_over_m_d,20*ζ(11)*ζ(7),20.0,20.176952524481194,0.8847626224059723,6,product,18.721725608969624
m_s,20*ζ(13)*δ_F^1,93.4,93.39549040074849,0.004828264723254879,10,mixed_feigenbaum,17.9534239765634
m_s,50*ζ(3)^3*ζ(5)^2,93.4,93.37747317056142,0.02411866106915402,10,product,17.949960522695942
m_s,50*ζ(5)^2*ζ(3)^3,93.4,93.37747317056142,0.02411866106915402,10,product,17.949960522695942
m_s,20*ζ(11)*δ_F^1,93.4,93.43018256870334,0.0323153840506837,10,mixed_feigenbaum,17.94848885921107
m_s,20*ζ(9)*δ_F^1,93.4,93.57157533182709,0.183699498744203,10,mixed_feigenbaum,17.921308914947318
m_s,20*ζ(7)*δ_F^1,93.4,94.16372347988046,0.8176910919490944,10,mixed_feigenbaum,17.807480220292767
m_s,5*ζ(3)*α_F^3,93.4,94.23877329642886,0.8980442145919212,10,mixed_alpha_F,17.79305338694059
theta_23,20*(ζ(3)^2+ζ(7)^2),49.2,49.234182032961996,0.06947567675201932,9,mixed_quadratic,16.99522141727986
theta_23,50*ζ(7)*ζ(7)/ζ(5),49.2,49.027922233857055,0.34975155720111384,9,triple_zeta,16.947554794109273
theta_23,20*(ζ(3)^2+ζ(9)^2),49.2,48.97922848213,0.4487225972967593,9,mixed_quadratic,16.930722752531235
H_0,50*ζ(3)^2*ζ(9)^3,73.04,72.68319549082935,0.48850562591820645,10,product,16.912126922663365
H_0,50*ζ(9)^3*ζ(3)^2,73.04,72.68319549082935,0.48850562591820645,10,product,16.912126922663365
theta_23,20*(ζ(3)^2+ζ(11)^2),49.2,48.918588701424994,0.5719741840955459,9,mixed_quadratic,16.909761309349967
theta_23,20*(ζ(3)^2+ζ(13)^2),49.2,48.90372411785799,0.6021867523211634,9,mixed_quadratic,16.904623046641387
H_0,50*ζ(3)^2*ζ(7)^2,73.04,73.4585003560565,0.5729742005154681,10,product,16.897771362398185
H_0,50*ζ(7)^2*ζ(3)^2,73.04,73.4585003560565,0.5729742005154681,10,product,16.897771362398185
H_0,50*ζ(3)^2*ζ(9)^2,73.04,72.5375183926414,0.6879540078841782,10,product,16.878230372606062
H_0,50*ζ(9)^2*ζ(3)^2,73.04,72.5375183926414,0.6879540078841782,10,product,16.878230372606062
theta_23,50*ζ(13)*ζ(13)/ζ(7),49.2,49.598160828558605,0.809269976745126,9,triple_zeta,16.869404325687764
theta_23,50*ζ(11)*ζ(13)/ζ(7),49.2,49.61658428474834,0.846716025911258,9,triple_zeta,16.86303586218684
theta_23,50*ζ(13)*ζ(11)/ζ(7),49.2,49.61658428474834,0.846716025911258,9,triple_zeta,16.86303586218684
theta_23,50*ζ(11)*ζ(11)/ζ(7),49.2,49.63501458441236,0.8841759845779621,9,triple_zeta,16.856665033091986
theta_23,50*ζ(7)*ζ(9)/ζ(5),49.2,48.71961036724012,0.9764016926013833,9,triple_zeta,16.84098017264681
theta_23,50*ζ(9)*ζ(7)/ζ(5),49.2,48.71961036724012,0.9764016926013833,9,triple_zeta,16.84098017264681
theta_23,50*ζ(9)*ζ(13)/ζ(7),49.2,49.69167164683954,0.9993326155275102,9,triple_zeta,16.837080302061004
theta_23,50*ζ(13)*ζ(9)/ζ(7),49.2,49.69167164683954,0.9993326155275102,9,triple_zeta,16.837080302061004
H_0,50*ζ(3)^2*ζ(11)^3,73.04,72.35420594689785,0.9389294264815948,10,product,16.835576725803893
H_0,50*ζ(11)^3*ζ(3)^2,73.04,72.35420594689785,0.9389294264815948,10,product,16.835576725803893
H_0,50*ζ(3)^2*ζ(11)^2,73.04,72.31846616092113,0.9878612254639553,10,product,16.82726069356913
H_0,50*ζ(11)^2*ζ(3)^2,73.04,72.31846616092113,0.9878612254639553,10,product,16.82726069356913
m_b_over_m_s,50*ζ(5)*ζ(5)/ζ(3),44.76,44.724141694658535,0.08011238905599508,9,triple_zeta,16.591557607677817
m_b_over_m_s,32*ζ(3)*ζ(3)/ζ(5),44.76,44.591441474327844,0.37658294386093344,9,triple_zeta,16.542329086643257
m_b_over_m_s,100*(ζ(3)^2-ζ(13)^2),44.76,44.46953757823204,0.648933024503922,9,mixed_quadratic,16.497105736612696
m_b_over_m_s,100*(ζ(3)^2-ζ(11)^2),44.76,44.395214660397045,0.8149806514811289,9,mixed_quadratic,16.469533760357702
theta_12,32*ζ(5)*ζ(7)/ζ(11),33.44,33.44220634260276,0.006597914481942059,9,triple_zeta,15.369617286699228
theta_12,32*ζ(7)*ζ(5)/ζ(11),33.44,33.44220634260276,0.006597914481942059,9,triple_zeta,15.369617286699228
theta_12,24*ζ(3)*ζ(3)/ζ(5),33.44,33.443581105745885,0.010709048283155545,9,triple_zeta,15.36898537947514
theta_12,32*ζ(5)*ζ(7)/ζ(13),33.44,33.454628598048295,0.04374580756069735,9,triple_zeta,15.363907420970895
theta_12,32*ζ(7)*ζ(5)/ζ(13),33.44,33.454628598048295,0.04374580756069735,9,triple_zeta,15.363907420970895
theta_12,32*ζ(5)*ζ(7)/ζ(9),33.44,33.39167298412326,0.14451858814813642,9,triple_zeta,15.348418008287236
theta_12,32*ζ(7)*ζ(5)/ζ(9),33.44,33.39167298412326,0.14451858814813642,9,triple_zeta,15.348418008287236
theta_12,ζ(3)/ζ(7)*P_2,33.44,33.37890272745764,0.18270715473192312,9,mixed_perfect,15.342548184470076
theta_12,ζ(3)/ζ(9)*P_2,33.44,33.59013413361946,0.4489657105845094,9,mixed_perfect,15.30162256320495
theta_12,32*ζ(5)*ζ(9)/ζ(13),33.44,33.244249317832384,0.5853788342332936,9,triple_zeta,15.280655004749724
theta_12,32*ζ(9)*ζ(5)/ζ(13),33.44,33.244249317832384,0.5853788342332936,9,triple_zeta,15.280655004749724
theta_12,ζ(3)/ζ(11)*P_2,33.44,33.64096783369659,0.6009803639252237,9,mixed_perfect,15.278256951123677
theta_12,32*ζ(5)*ζ(9)/ζ(11),33.44,33.231905179683885,0.6222931229548829,9,triple_zeta,15.274981045486129
theta_12,32*ζ(9)*ζ(5)/ζ(11),33.44,33.231905179683885,0.6222931229548829,9,triple_zeta,15.274981045486129
theta_12,ζ(3)/ζ(13)*P_2,33.44,33.65346391997702,0.638349042993491,9,mixed_perfect,15.272513149194648
theta_12,32*ζ(5)*ζ(11)/ζ(13),33.44,33.19401508534934,0.7356008213237311,9,triple_zeta,15.257564936790512
theta_12,32*ζ(11)*ζ(5)/ζ(13),33.44,33.19401508534934,0.7356008213237311,9,triple_zeta,15.257564936790512
theta_12,32*ζ(3)*ζ(5)/ζ(3),33.44,33.1816896,0.7724593301435382,9,triple_zeta,15.25189955125003
theta_12,32*ζ(5)*ζ(3)/ζ(3),33.44,33.1816896,0.7724593301435382,9,triple_zeta,15.25189955125003
theta_12,32*ζ(5)*ζ(7)/ζ(7),33.44,33.1816896,0.7724593301435382,9,triple_zeta,15.25189955125003
theta_12,32*ζ(5)*ζ(9)/ζ(9),33.44,33.1816896,0.7724593301435382,9,triple_zeta,15.25189955125003
theta_12,32*ζ(5)*ζ(11)/ζ(11),33.44,33.1816896,0.7724593301435382,9,triple_zeta,15.25189955125003
theta_12,32*ζ(5)*ζ(13)/ζ(13),33.44,33.1816896,0.7724593301435382,9,triple_zeta,15.25189955125003
theta_12,32*ζ(7)*ζ(5)/ζ(7),33.44,33.1816896,0.7724593301435382,9,triple_zeta,15.25189955125003
theta_12,32*ζ(9)*ζ(5)/ζ(9),33.44,33.1816896,0.7724593301435382,9,triple_zeta,15.25189955125003
theta_12,32*ζ(11)*ζ(5)/ζ(11),33.44,33.1816896,0.7724593301435382,9,triple_zeta,15.25189955125003
theta_12,32*ζ(13)*ζ(5)/ζ(13),33.44,33.1816896,0.7724593301435382,9,triple_zeta,15.25189955125003
theta_12,32*ζ(5)*ζ(13)/ζ(11),33.44,33.16936869130667,0.8093041527910436,9,triple_zeta,15.246236269360647
theta_12,32*ζ(13)*ζ(5)/ζ(11),33.44,33.16936869130667,0.8093041527910436,9,triple_zeta,15.246236269360647
theta_12,32*ζ(5)*ζ(11)/ζ(9),33.44,33.13154989933748,0.9223986263831307,9,triple_zeta,15.22885293465958
theta_12,32*ζ(11)*ζ(5)/ζ(9),33.44,33.13154989933748,0.9223986263831307,9,triple_zeta,15.22885293465958
theta_12,32*ζ(5)*ζ(13)/ζ(9),33.44,33.11924760834208,0.9591877740966481,9,triple_zeta,15.2231982103591
theta_12,32*ζ(13)*ζ(5)/ζ(9),33.44,33.11924760834208,0.9591877740966481,9,triple_zeta,15.2231982103591
m_s_over_m_d,20*ζ(13)*ζ(13)^2,20.0,20.007362903354338,0.03681451677168823,8,product,14.685916956554458
m_s_over_m_d,20*ζ(13)^2*ζ(13),20.0,20.007362903354338,0.03681451677168823,8,product,14.685916956554458
m_s_over_m_d,20*ζ(13)*ζ(13)^3,20.0,20.009817806782586,0.04908903391292796,8,product,14.684113667288045
m_s_over_m_d,20*ζ(13)^3*ζ(13),20.0,20.009817806782586,0.04908903391292796,8,product,14.684113667288045
m_s_over_m_d,20*ζ(11)*ζ(13)^2,20.0,20.0147947267882,0.07397363394099798,8,product,14.680457789699283
m_s_over_m_d,20*ζ(13)^2*ζ(11),20.0,20.0147947267882,0.07397363394099798,8,product,14.680457789699283
m_s_over_m_d,20*ζ(11)*ζ(13)^3,20.0,20.017250542101177,0.08625271050588523,8,product,14.678653830593106
m_s_over_m_d,20*ζ(13)^3*ζ(11),20.0,20.017250542101177,0.08625271050588523,8,product,14.678653830593106
m_s_over_m_d,20*ζ(11)^2*ζ(13),20.0,20.02222931080574,0.1111465540287071,8,product,14.674996595012443
m_s_over_m_d,20*ζ(13)*ζ(11)^2,20.0,20.02222931080574,0.1111465540287071,8,product,14.674996595012443
m_s_over_m_d,20*ζ(11)*ζ(11)^2,20.0,20.029666656432397,0.14833328216198538,8,product,14.669533371740682
m_s_over_m_d,20*ζ(11)^2*ζ(11),20.0,20.029666656432397,0.14833328216198538,8,product,14.669533371740682
m_s_over_m_d,20*ζ(11)^3*ζ(13),20.0,20.03212429653114,0.16062148265570286,8,product,14.667728072208421
m_s_over_m_d,20*ζ(13)*ζ(11)^3,20.0,20.03212429653114,0.16062148265570286,8,product,14.667728072208421
m_s_over_m_d,20*ζ(11)*ζ(11)^3,20.0,20.039565317694006,0.1978265884700292,8,product,14.662262149011717
m_s_over_m_d,20*ζ(11)^3*ζ(11),20.0,20.039565317694006,0.1978265884700292,8,product,14.662262149011717
m_s_over_m_d,20*ζ(9)*ζ(13)^2,20.0,20.045084158446905,0.22542079223452305,8,product,14.658208194718359
m_s_over_m_d,20*ζ(13)^2*ζ(9),20.0,20.045084158446905,0.22542079223452305,8,product,14.658208194718359
m_s_over_m_d,20*ζ(9)*ζ(13)^3,20.0,20.047543690273145,0.23771845136572267,8,product,14.656401505586878
m_s_over_m_d,20*ζ(13)^3*ζ(9),20.0,20.047543690273145,0.23771845136572267,8,product,14.656401505586878
m_s_over_m_d,20*ζ(9)*ζ(11)^2,20.0,20.05997859455708,0.2998929727854005,8,product,14.647267244268884
m_s_over_m_d,20*ζ(11)^2*ζ(9),20.0,20.05997859455708,0.2998929727854005,8,product,14.647267244268884
m_s_over_m_d,20*ζ(9)*ζ(11)^3,20.0,20.069892235978514,0.34946117989257175,8,product,14.639985017619722
m_s_over_m_d,20*ζ(11)^3*ζ(9),20.0,20.069892235978514,0.34946117989257175,8,product,14.639985017619722
m_s_over_m_d,20*ζ(9)^2*ζ(13),20.0,20.082876532011838,0.4143826600591894,8,product,14.630447191650944
m_s_over_m_d,20*ζ(13)*ζ(9)^2,20.0,20.082876532011838,0.4143826600591894,8,product,14.630447191650944
m_s_over_m_d,20*ζ(9)^2*ζ(11),20.0,20.090336405317025,0.45168202658512513,8,product,14.624967420306284
m_s_over_m_d,20*ζ(11)*ζ(9)^2,20.0,20.090336405317025,0.45168202658512513,8,product,14.624967420306284
m_s_over_m_d,20*ζ(9)*ζ(9)^2,20.0,20.120740158133678,0.6037007906683911,8,product,14.602633848858229
m_s_over_m_d,20*ζ(9)^2*ζ(9),20.0,20.120740158133678,0.6037007906683911,8,product,14.602633848858229
m_s_over_m_d,20*ζ(9)^3*ζ(13),20.0,20.12320897295108,0.6160448647553984,8,product,14.600820340754511
m_s_over_m_d,20*ζ(13)*ζ(9)^3,20.0,20.12320897295108,0.6160448647553984,8,product,14.600820340754511
m_s_over_m_d,20*ζ(9)^3*ζ(11),20.0,20.13068382791982,0.6534191395991051,8,product,14.595329564385061
m_s_over_m_d,20*ζ(11)*ζ(9)^3,20.0,20.13068382791982,0.6534191395991051,8,product,14.595329564385061
m_s_over_m_d,20*ζ(9)*ζ(9)^3,20.0,20.161148640593254,0.8057432029662692,8,product,14.572951140425468
m_s_over_m_d,20*ζ(9)^3*ζ(9),20.0,20.161148640593254,0.8057432029662692,8,product,14.572951140425468
m_s_over_m_d,20*ζ(7)*ζ(13)^2,20.0,20.17193528198422,0.859676409921093,8,product,14.56502763744074
m_s_over_m_d,20*ζ(13)^2*ζ(7),20.0,20.17193528198422,0.859676409921093,8,product,14.56502763744074
m_s_over_m_d,20*ζ(7)*ζ(13)^3,20.0,20.174410378443316,0.8720518922165789,8,product,14.563209515054885
m_s_over_m_d,20*ζ(13)^3*ζ(7),20.0,20.174410378443316,0.8720518922165789,8,product,14.563209515054885
m_s_over_m_d,20*ζ(7)*ζ(11)^2,20.0,20.18692397441879,0.9346198720939469,8,product,14.554017449474173
m_s_over_m_d,20*ζ(11)^2*ζ(7),20.0,20.18692397441879,0.9346198720939469,8,product,14.554017449474173
m_s_over_m_d,20*ζ(7)*ζ(11)^3,20.0,20.19690035224695,0.9845017612347462,8,product,14.546689138776422
m_s_over_m_d,20*ζ(11)^3*ζ(7),20.0,20.19690035224695,0.9845017612347462,8,product,14.546689138776422
m_s_over_m_d,20*ζ(3)*ζ(13)/ζ(3),20.0,20.002454,0.012270000000000891,9,triple_zeta,13.220570584264555
m_s_over_m_d,20*ζ(5)*ζ(13)/ζ(5),20.0,20.002454,0.012270000000000891,9,triple_zeta,13.220570584264555
m_s_over_m_d,20*ζ(7)*ζ(13)/ζ(7),20.0,20.002454,0.012270000000000891,9,triple_zeta,13.220570584264555
m_s_over_m_d,20*ζ(9)*ζ(13)/ζ(9),20.0,20.002454,0.012270000000000891,9,triple_zeta,13.220570584264555
m_s_over_m_d,20*ζ(11)*ζ(13)/ζ(11),20.0,20.002454,0.012270000000000891,9,triple_zeta,13.220570584264555
m_s_over_m_d,20*ζ(13)*ζ(3)/ζ(3),20.0,20.002454,0.012270000000000891,9,triple_zeta,13.220570584264555
m_s_over_m_d,20*ζ(13)*ζ(5)/ζ(5),20.0,20.002454,0.012270000000000891,9,triple_zeta,13.220570584264555
m_s_over_m_d,20*ζ(13)*ζ(7)/ζ(7),20.0,20.002454,0.012270000000000891,9,triple_zeta,13.220570584264555
m_s_over_m_d,20*ζ(13)*ζ(9)/ζ(9),20.0,20.002454,0.012270000000000891,9,triple_zeta,13.220570584264555
m_s_over_m_d,20*ζ(13)*ζ(11)/ζ(11),20.0,20.002454,0.012270000000000891,9,triple_zeta,13.220570584264555
m_s_over_m_d,20*ζ(13)*ζ(13)/ζ(11),20.0,19.995026758881558,0.024866205592211088,9,triple_zeta,13.218905089657108
m_s_over_m_d,24*ζ(9)*ζ(13)/ζ(3),20.0,20.008328985126937,0.04164492563468514,9,triple_zeta,13.216686574918999
m_s_over_m_d,24*ζ(13)*ζ(9)/ζ(3),20.0,20.008328985126937,0.04164492563468514,9,triple_zeta,13.216686574918999
m_s_over_m_d,20*ζ(3)*ζ(11)/ζ(3),20.0,20.009884,0.0494199999999978,9,triple_zeta,13.215658539584618
m_s_over_m_d,20*ζ(5)*ζ(11)/ζ(5),20.0,20.009884,0.0494199999999978,9,triple_zeta,13.215658539584618
m_s_over_m_d,20*ζ(7)*ζ(11)/ζ(7),20.0,20.009884,0.0494199999999978,9,triple_zeta,13.215658539584618
m_s_over_m_d,20*ζ(9)*ζ(11)/ζ(9),20.0,20.009884,0.0494199999999978,9,triple_zeta,13.215658539584618
m_s_over_m_d,20*ζ(11)*ζ(3)/ζ(3),20.0,20.009884,0.0494199999999978,9,triple_zeta,13.215658539584618
m_s_over_m_d,20*ζ(11)*ζ(5)/ζ(5),20.0,20.009884,0.0494199999999978,9,triple_zeta,13.215658539584618
m_s_over_m_d,20*ζ(11)*ζ(7)/ζ(7),20.0,20.009884,0.0494199999999978,9,triple_zeta,13.215658539584618
m_s_over_m_d,20*ζ(11)*ζ(9)/ζ(9),20.0,20.009884,0.0494199999999978,9,triple_zeta,13.215658539584618
m_s_over_m_d,20*ζ(11)*ζ(13)/ζ(13),20.0,20.009884,0.0494199999999978,9,triple_zeta,13.215658539584618
m_s_over_m_d,20*ζ(13)*ζ(11)/ζ(13),20.0,20.009884,0.0494199999999978,9,triple_zeta,13.215658539584618
m_s_over_m_d,10*(ζ(11)^2+ζ(13)^2),20.0,20.012340592889295,0.06170296444647505,9,mixed_quadratic,13.21403446232585
m_s_over_m_d,24*ζ(11)*ζ(11)/ζ(3),20.0,19.985516044712487,0.0724197764375667,9,triple_zeta,13.212617464766586
m_s_over_m_d,24*ζ(9)*ζ(11)/ζ(3),20.0,20.015761167416148,0.07880583708073985,9,triple_zeta,13.21177308750661
m_s_over_m_d,24*ζ(11)*ζ(9)/ζ(3),20.0,20.015761167416148,0.07880583708073985,9,triple_zeta,13.21177308750661
m_s_over_m_d,20*ζ(11)*ζ(11)/ζ(13),20.0,20.017316759906358,0.08658379953178752,9,triple_zeta,13.210744670303963
m_s_over_m_d,20*ζ(11)*ζ(11)/ζ(9),20.0,19.979647758080244,0.10176120959878078,9,triple_zeta,13.208737883860497
m_s_over_m_d,24*ζ(11)*ζ(13)/ζ(3),20.0,19.978095092936243,0.10952453531878348,9,triple_zeta,13.207711401954665
m_s_over_m_d,24*ζ(13)*ζ(11)/ζ(3),20.0,19.978095092936243,0.10952453531878348,9,triple_zeta,13.207711401954665
m_s_over_m_d,20*ζ(11)*ζ(13)/ζ(9),20.0,19.972228985295626,0.13885507352187076,9,triple_zeta,13.203833261600963
m_s_over_m_d,20*ζ(13)*ζ(11)/ζ(9),20.0,19.972228985295626,0.13885507352187076,9,triple_zeta,13.203833261600963
m_s_over_m_d,24*ζ(13)*ζ(13)/ζ(3),20.0,19.970676896681805,0.14661551659097327,9,triple_zeta,13.202807160844795
m_s_over_m_d,20*ζ(9)*ζ(13)/ζ(11),20.0,20.032724755793883,0.16362377896941283,9,triple_zeta,13.20055829557613
m_s_over_m_d,20*ζ(13)*ζ(9)/ζ(11),20.0,20.032724755793883,0.16362377896941283,9,triple_zeta,13.20055829557613
m_s_over_m_d,20*ζ(13)*ζ(13)/ζ(9),20.0,19.96481296722372,0.17593516388140884,9,triple_zeta,13.198930460508574
m_s_over_m_d,20*ζ(3)*ζ(9)/ζ(3),20.0,20.040166,0.2008299999999963,9,triple_zeta,13.195638817243054
m_s_over_m_d,20*ζ(5)*ζ(9)/ζ(5),20.0,20.040166,0.2008299999999963,9,triple_zeta,13.195638817243054
m_s_over_m_d,20*ζ(7)*ζ(9)/ζ(7),20.0,20.040166,0.2008299999999963,9,triple_zeta,13.195638817243054
m_s_over_m_d,20*ζ(9)*ζ(3)/ζ(3),20.0,20.040166,0.2008299999999963,9,triple_zeta,13.195638817243054
m_s_over_m_d,20*ζ(9)*ζ(5)/ζ(5),20.0,20.040166,0.2008299999999963,9,triple_zeta,13.195638817243054
m_s_over_m_d,20*ζ(9)*ζ(7)/ζ(7),20.0,20.040166,0.2008299999999963,9,triple_zeta,13.195638817243054
m_s_over_m_d,20*ζ(9)*ζ(11)/ζ(11),20.0,20.040166,0.2008299999999963,9,triple_zeta,13.195638817243054
m_s_over_m_d,20*ζ(9)*ζ(13)/ζ(13),20.0,20.040166,0.2008299999999963,9,triple_zeta,13.195638817243054
m_s_over_m_d,20*ζ(11)*ζ(9)/ζ(11),20.0,20.040166,0.2008299999999963,9,triple_zeta,13.195638817243054
m_s_over_m_d,20*ζ(13)*ζ(9)/ζ(13),20.0,20.040166,0.2008299999999963,9,triple_zeta,13.195638817243054
m_s_over_m_d,10*(ζ(9)^2+ζ(13)^2),20.0,20.042660483241796,0.2133024162089825,9,mixed_quadratic,13.193989690306704
m_s_over_m_d,24*ζ(9)*ζ(9)/ζ(3),20.0,20.04605206163981,0.2302603081990462,9,triple_zeta,13.191747485107976
m_s_over_m_d,20*ζ(9)*ζ(11)/ζ(13),20.0,20.04761000828918,0.2380500414458986,9,triple_zeta,13.190717511547996
m_s_over_m_d,20*ζ(11)*ζ(9)/ζ(13),20.0,20.04761000828918,0.2380500414458986,9,triple_zeta,13.190717511547996
m_s_over_m_d,10*(ζ(9)^2+ζ(11)^2),20.0,20.0500927750253,0.25046387512649204,9,mixed_quadratic,13.189076130506587
m_s_over_m_d,16*ζ(3)*ζ(5)/ζ(13),20.0,19.940692745669228,0.29653627165386,9,triple_zeta,13.182984349342274
m_s_over_m_d,16*ζ(5)*ζ(3)/ζ(13),20.0,19.940692745669228,0.29653627165386,9,triple_zeta,13.182984349342274
m_s_over_m_d,16*ζ(3)*ζ(5)/ζ(11),20.0,19.9332884375233,0.333557812383507,9,triple_zeta,13.178089289794922
m_s_over_m_d,16*ζ(5)*ζ(3)/ζ(11),20.0,19.9332884375233,0.333557812383507,9,triple_zeta,13.178089289794922
m_s_over_m_d,20*ζ(9)*ζ(9)/ζ(11),20.0,20.070493827328335,0.35246913664167323,9,triple_zeta,13.175588798012608
m_s_over_m_d,20*ζ(9)*ζ(9)/ζ(13),20.0,20.077949101023105,0.3897455051155241,9,triple_zeta,13.170660044649235
m_s_over_m_d,20*ζ(9)*ζ(9)/ζ(7),20.0,19.914143506994847,0.4292824650257643,9,triple_zeta,13.165432391524394
m_s_over_m_d,16*ζ(3)*ζ(5)/ζ(9),20.0,19.903167936502243,0.4841603174887865,9,triple_zeta,13.158176335986374
m_s_over_m_d,16*ζ(5)*ζ(3)/ζ(9),20.0,19.903167936502243,0.4841603174887865,9,triple_zeta,13.158176335986374
m_s_over_m_d,20*ζ(9)*ζ(11)/ζ(7),20.0,19.88405193521451,0.5797403239274423,9,triple_zeta,13.145538563115977
m_s_over_m_d,20*ζ(11)*ζ(9)/ζ(7),20.0,19.88405193521451,0.5797403239274423,9,triple_zeta,13.145538563115977
m_s_over_m_d,20*ζ(9)*ζ(13)/ζ(7),20.0,19.876668658735813,0.6166567063209349,9,triple_zeta,13.140657407806732
m_s_over_m_d,20*ζ(13)*ζ(9)/ζ(7),20.0,19.876668658735813,0.6166567063209349,9,triple_zeta,13.140657407806732
m_s_over_m_d,20*ζ(7)*ζ(13)/ζ(9),20.0,20.129035347493826,0.6451767374691286,9,triple_zeta,13.136886434259676
m_s_over_m_d,20*ζ(13)*ζ(7)/ζ(9),20.0,20.129035347493826,0.6451767374691286,9,triple_zeta,13.136886434259676
m_s_over_m_d,24*ζ(7)*ζ(13)/ζ(3),20.0,20.134947511235644,0.6747375561782221,9,triple_zeta,13.132977845773146
m_s_over_m_d,24*ζ(13)*ζ(7)/ζ(3),20.0,20.134947511235644,0.6747375561782221,9,triple_zeta,13.132977845773146
m_s_over_m_d,20*ζ(7)*ζ(11)/ζ(9),20.0,20.136512366695165,0.6825618334758232,9,triple_zeta,13.131943304732124
m_s_over_m_d,20*ζ(11)*ζ(7)/ζ(9),20.0,20.136512366695165,0.6825618334758232,9,triple_zeta,13.131943304732124
m_s_over_m_d,24*ζ(7)*ζ(11)/ζ(3),20.0,20.14242672653635,0.7121336326817485,9,triple_zeta,13.128033264383117
m_s_over_m_d,24*ζ(11)*ζ(7)/ζ(3),20.0,20.14242672653635,0.7121336326817485,9,triple_zeta,13.128033264383117
m_s_over_m_d,20*ζ(11)*ζ(11)/ζ(7),20.0,19.854005833764944,0.7299708311752795,9,triple_zeta,13.1256747955819
m_s_over_m_d,20*ζ(11)*ζ(13)/ζ(7),20.0,19.846633713899337,0.7668314305033164,9,triple_zeta,13.120801016017202
m_s_over_m_d,20*ζ(13)*ζ(11)/ζ(7),20.0,19.846633713899337,0.7668314305033164,9,triple_zeta,13.120801016017202
m_s_over_m_d,20*ζ(7)*ζ(13)/ζ(11),20.0,20.15949766543594,0.7974883271796962,9,triple_zeta,13.116747501986987
m_s_over_m_d,20*ζ(13)*ζ(7)/ζ(11),20.0,20.15949766543594,0.7974883271796962,9,triple_zeta,13.116747501986987
m_s_over_m_d,20*ζ(13)*ζ(13)/ζ(7),20.0,19.839264331423443,0.8036783428827832,9,triple_zeta,13.115929046167253
m_s_over_m_d,20*ζ(3)*ζ(7)/ζ(3),20.0,20.166985999999998,0.8349299999999893,9,triple_zeta,13.111796891763976
m_s_over_m_d,20*ζ(5)*ζ(7)/ζ(5),20.0,20.166985999999998,0.8349299999999893,9,triple_zeta,13.111796891763976
m_s_over_m_d,20*ζ(7)*ζ(3)/ζ(3),20.0,20.166985999999998,0.8349299999999893,9,triple_zeta,13.111796891763976
m_s_over_m_d,20*ζ(7)*ζ(5)/ζ(5),20.0,20.166985999999998,0.8349299999999893,9,triple_zeta,13.111796891763976
m_s_over_m_d,20*ζ(7)*ζ(9)/ζ(9),20.0,20.166985999999998,0.8349299999999893,9,triple_zeta,13.111796891763976
m_s_over_m_d,20*ζ(7)*ζ(11)/ζ(11),20.0,20.166985999999998,0.8349299999999893,9,triple_zeta,13.111796891763976
m_s_over_m_d,20*ζ(7)*ζ(13)/ζ(13),20.0,20.166985999999998,0.8349299999999893,9,triple_zeta,13.111796891763976
m_s_over_m_d,20*ζ(9)*ζ(7)/ζ(9),20.0,20.166985999999998,0.8349299999999893,9,triple_zeta,13.111796891763976
m_s_over_m_d,20*ζ(11)*ζ(7)/ζ(11),20.0,20.166985999999998,0.8349299999999893,9,triple_zeta,13.111796891763976
m_s_over_m_d,20*ζ(13)*ζ(7)/ζ(13),20.0,20.166985999999998,0.8349299999999893,9,triple_zeta,13.111796891763976
m_s_over_m_d,10*(ζ(7)^2+ζ(13)^2),20.0,20.170137258657796,0.8506862932889803,9,mixed_quadratic,13.109713564263956
m_s_over_m_d,24*ζ(7)*ζ(9)/ζ(3),20.0,20.172909310350082,0.8645465517504114,9,triple_zeta,13.107880934147186
m_s_over_m_d,24*ζ(9)*ζ(7)/ζ(3),20.0,20.172909310350082,0.8645465517504114,9,triple_zeta,13.107880934147186
m_s_over_m_d,20*ζ(7)*ζ(11)/ζ(13),20.0,20.174477116139045,0.872385580695223,9,triple_zeta,13.106844442614905
m_s_over_m_d,20*ζ(11)*ζ(7)/ζ(13),20.0,20.174477116139045,0.872385580695223,9,triple_zeta,13.106844442614905
m_s_over_m_d,10*(ζ(7)^2+ζ(11)^2),20.0,20.177569550441294,0.887847752206472,9,mixed_quadratic,13.10480000446384
m_s_over_m_d,20*ζ(7)*ζ(9)/ζ(11),20.0,20.19750575064183,0.9875287532091548,9,triple_zeta,13.091619990179428
m_s_over_m_d,20*ζ(9)*ζ(7)/ζ(11),20.0,20.19750575064183,0.9875287532091548,9,triple_zeta,13.091619990179428
theta_23,50*[ζ(9)/ζ(7)]/[ζ(11)/ζ(13)],49.2,49.667126153094685,0.9494434005989476,12,nested_ratio,12.958126907221885
theta_23,50*[ζ(9)/ζ(11)]/[ζ(7)/ζ(13)],49.2,49.667126153094685,0.9494434005989476,12,nested_ratio,12.958126907221885
theta_23,50*[ζ(7)/ζ(13)]/[ζ(5)/ζ(9)],49.2,48.71363320444594,0.9885503974676058,12,nested_ratio,12.953010798380278
theta_C,10*ζ(3)*ζ(5)^2,13.04,12.92474733396265,0.8838394634766076,8,product,12.635846938935053
theta_C,10*ζ(5)^2*ζ(3),13.04,12.92474733396265,0.8838394634766076,8,product,12.635846938935053
m_s_over_m_d,20*ζ(13)^2*ζ(13)^2,20.0,20.009817806782575,0.04908903391287467,10,product,12.014274818690224
m_s_over_m_d,20*ζ(13)^2*ζ(13)^3,20.0,20.012273011427475,0.0613650571373725,10,product,12.012799219165675
m_s_over_m_d,20*ζ(13)^3*ζ(13)^2,20.0,20.012273011427475,0.0613650571373725,10,product,12.012799219165675
m_s_over_m_d,20*ζ(13)^3*ζ(13)^3,20.0,20.014728517325974,0.07364258662986956,10,product,12.011323438585073
m_s_over_m_d,20*ζ(11)^2*ζ(13)^2,20.0,20.024686038342175,0.12343019171087376,10,product,12.005338881123556
m_s_over_m_d,20*ζ(13)^2*ζ(11)^2,20.0,20.024686038342175,0.12343019171087376,10,product,12.005338881123556
m_s_over_m_d,20*ζ(11)^2*ζ(13)^3,20.0,20.02714306731908,0.13571533659540336,10,product,12.00386218515947
m_s_over_m_d,20*ζ(13)^3*ζ(11)^2,20.0,20.02714306731908,0.13571533659540336,10,product,12.00386218515947
m_s_over_m_d,20*ζ(11)^3*ζ(13)^2,20.0,20.03458223818232,0.17291119091160212,10,product,11.999391178226654
m_s_over_m_d,20*ζ(13)^2*ζ(11)^3,20.0,20.03458223818232,0.17291119091160212,10,product,11.999391178226654
m_s_over_m_d,20*ζ(11)^3*ζ(13)^3,20.0,20.03704048142295,0.185202407114744,10,product,11.997913752479423
m_s_over_m_d,20*ζ(13)^3*ζ(11)^3,20.0,20.03704048142295,0.185202407114744,10,product,11.997913752479423
m_s_over_m_d,20*ζ(11)^2*ζ(11)^2,20.0,20.039565317694006,0.1978265884700292,10,product,11.99639630373686
m_s_over_m_d,20*ζ(11)^2*ζ(11)^3,20.0,20.04946887087401,0.24734435437004262,10,product,11.990444181418214
m_s_over_m_d,20*ζ(11)^3*ζ(11)^2,20.0,20.04946887087401,0.24734435437004262,10,product,11.990444181418214
m_s_over_m_d,20*ζ(11)^3*ζ(11)^3,20.0,20.05937731838999,0.29688659194995637,10,product,11.984489117560718
m_s_over_m_d,20*ζ(9)^2*ζ(13)^2,20.0,20.085340700962313,0.426703504811563,10,product,11.968884896927227
m_s_over_m_d,20*ζ(13)^2*ζ(9)^2,20.0,20.085340700962313,0.426703504811563,10,product,11.968884896927227
m_s_over_m_d,20*ζ(9)^2*ζ(13)^3,20.0,20.087805172266325,0.4390258613316256,10,product,11.96740372805928
m_s_over_m_d,20*ζ(13)^3*ζ(9)^2,20.0,20.087805172266325,0.4390258613316256,10,product,11.96740372805928
m_s_over_m_d,20*ζ(9)^2*ζ(11)^2,20.0,20.10026504956853,0.5013252478426544,10,product,11.959915232523374
m_s_over_m_d,20*ζ(11)^2*ζ(9)^2,20.0,20.10026504956853,0.5013252478426544,10,product,11.959915232523374
m_s_over_m_d,20*ζ(9)^2*ζ(11)^3,20.0,20.110198600556025,0.5509930027801246,10,product,11.953945081259333
m_s_over_m_d,20*ζ(11)^3*ζ(9)^2,20.0,20.110198600556025,0.5509930027801246,10,product,11.953945081259333
m_s_over_m_d,20*ζ(9)^3*ζ(13)^2,20.0,20.125678090692055,0.6283904534602769,10,product,11.944641771927287
m_s_over_m_d,20*ζ(13)^2*ζ(9)^3,20.0,20.125678090692055,0.6283904534602769,10,product,11.944641771927287
m_s_over_m_d,20*ζ(9)^3*ζ(13)^3,20.0,20.128147511393784,0.6407375569689222,10,product,11.943157628427905
m_s_over_m_d,20*ζ(13)^3*ζ(9)^3,20.0,20.128147511393784,0.6407375569689222,10,product,11.943157628427905
m_s_over_m_d,20*ζ(9)^3*ζ(11)^2,20.0,20.14063241186758,0.7031620593378918,10,product,11.935654093746411
m_s_over_m_d,20*ζ(11)^2*ζ(9)^3,20.0,20.14063241186758,0.7031620593378918,10,product,11.935654093746411
m_s_over_m_d,20*ζ(9)^3*ζ(11)^3,20.0,20.150585912405525,0.7529295620276244,10,product,11.929671952627587
m_s_over_m_d,20*ζ(11)^3*ζ(9)^3,20.0,20.150585912405525,0.7529295620276244,10,product,11.929671952627587
m_s_over_m_d,20*ζ(9)^2*ζ(9)^2,20.0,20.161148640593254,0.8057432029662692,10,product,11.92332366034811
m_c_over_m_s,16*ζ(7)*ζ(7)/ζ(3),13.6,13.533712899088084,0.48740515376408927,9,triple_zeta,11.586777399573446
theta_C,2*ζ(5)*α_F^2,13.04,12.991767600241811,0.3698803662437725,10,mixed_alpha_F,10.392029292121073
theta_C,0.5*ζ(3)*δ_F^2,13.04,13.103287894030686,0.4853366106647753,10,mixed_feigenbaum,10.379986501463069
theta_C,5*ζ(5)*α_F^1,13.04,12.976673782132124,0.48563050512173966,10,mixed_alpha_F,10.379955846478243
m_s_over_m_d,20*[ζ(9)/ζ(13)]/[ζ(7)/ζ(11)],20.0,19.881612461365503,0.5919376931724862,12,nested_ratio,10.110712156476845
m_s_over_m_d,20*[ζ(7)/ζ(9)]/[ζ(11)/ζ(13)],20.0,20.119092491984286,0.595462459921432,12,nested_ratio,10.110353655353391
m_s_over_m_d,20*[ζ(7)/ζ(11)]/[ζ(9)/ζ(13)],20.0,20.119092491984286,0.595462459921432,12,nested_ratio,10.110353655353391
m_s_over_m_d,20*[ζ(9)/ζ(7)]/[ζ(11)/ζ(13)],20.0,19.866850461237874,0.6657476938106299,12,nested_ratio,10.103205002093146
m_s_over_m_d,20*[ζ(9)/ζ(11)]/[ζ(7)/ζ(13)],20.0,19.866850461237874,0.6657476938106299,12,nested_ratio,10.103205002093146
m_s_over_m_d,20*[ζ(7)/ζ(13)]/[ζ(9)/ζ(11)],20.0,20.13404191975161,0.6702095987580492,12,nested_ratio,10.102751185415242
theta_13,20*(ζ(3)^2-ζ(7)^2),8.57,8.563449600542409,0.07643406601623434,9,mixed_quadratic,9.80162186898762
theta_13,8*ζ(5)*ζ(5)/ζ(9),8.57,8.584513820197616,0.16935612832690317,9,triple_zeta,9.792507032967283
theta_13,8*ζ(5)*ζ(5)/ζ(11),8.57,8.597505212226837,0.32094763391874753,9,triple_zeta,9.777637241217223
theta_13,6*ζ(3)*ζ(3)/ζ(7),8.57,8.59785864385056,0.3250716902049076,9,triple_zeta,9.777232707612907
theta_13,8*ζ(5)*ζ(5)/ζ(13),8.57,8.600698793560749,0.358212293591001,9,triple_zeta,9.773981906264252
theta_13,8*ζ(5)*ζ(5)/ζ(7),8.57,8.530530143971657,0.46055841339957687,9,triple_zeta,9.763942653193714
theta_13,10*ζ(5)*ζ(13)/ζ(3),8.57,8.627337283626588,0.6690464833907528,9,triple_zeta,9.743491809519876
theta_13,10*ζ(13)*ζ(5)/ζ(3),8.57,8.627337283626588,0.6690464833907528,9,triple_zeta,9.743491809519876
theta_13,10*ζ(5)*ζ(11)/ζ(3),8.57,8.630541946215356,0.7064404459201351,9,triple_zeta,9.73982379109529
theta_13,10*ζ(11)*ζ(5)/ζ(3),8.57,8.630541946215356,0.7064404459201351,9,triple_zeta,9.73982379109529
theta_13,10*ζ(5)*ζ(9)/ζ(3),8.57,8.64360299500581,0.858844749192653,9,triple_zeta,9.724874271050433
theta_13,10*ζ(9)*ζ(5)/ζ(3),8.57,8.64360299500581,0.858844749192653,9,triple_zeta,9.724874271050433
theta_13,6*ζ(3)*ζ(3)/ζ(9),8.57,8.65226839440917,0.9599579277616024,9,triple_zeta,9.71495595865795
theta_13,7*ζ(3)*ζ(5)/ζ(7),8.57,8.652878042899163,0.9670716791034125,9,triple_zeta,9.714258162296591
theta_13,7*ζ(5)*ζ(3)/ζ(7),8.57,8.652878042899163,0.9670716791034125,9,triple_zeta,9.714258162296591
m_d,4*ζ(5)*ζ(5)^3,4.67,4.6243858490544465,0.9767484142516795,8,product,8.291360536834453
m_d,4*ζ(5)^3*ζ(5),4.67,4.6243858490544465,0.9767484142516795,8,product,8.291360536834453
theta_13,10*[ζ(5)/ζ(3)]/[ζ(7)/ζ(9)],8.57,8.572032523854391,0.023716731089740824,12,nested_ratio,7.543686904079492
theta_13,10*[ζ(5)/ζ(7)]/[ζ(3)/ζ(9)],8.57,8.572032523854391,0.023716731089740824,12,nested_ratio,7.543686904079492
theta_13,10*[ζ(5)/ζ(3)]/[ζ(7)/ζ(11)],8.57,8.559079622721368,0.12742563919057096,12,nested_ratio,7.53586157284796
theta_13,10*[ζ(5)/ζ(7)]/[ζ(3)/ζ(11)],8.57,8.559079622721368,0.12742563919057096,12,nested_ratio,7.53586157284796
m_d,ζ(13)*δ_F^1,4.67,4.669774520037424,0.004828264723251076,9,mixed_feigenbaum,7.535466739079136
m_d,ζ(11)*δ_F^1,4.67,4.671509128435167,0.0323153840506837,9,mixed_feigenbaum,7.533395356332844
theta_13,10*[ζ(5)/ζ(3)]/[ζ(7)/ζ(13)],8.57,8.555901495272114,0.1645099734875935,12,nested_ratio,7.533063383139003
theta_13,10*[ζ(5)/ζ(7)]/[ζ(3)/ζ(13)],8.57,8.555901495272114,0.1645099734875935,12,nested_ratio,7.533063383139003
m_d,4*ζ(3)*ζ(7)/ζ(5),4.67,4.675709277637923,0.12225433914181667,9,triple_zeta,7.526617709043724
m_d,4*ζ(7)*ζ(3)/ζ(5),4.67,4.675709277637923,0.12225433914181667,9,triple_zeta,7.526617709043724
m_d,ζ(9)*δ_F^1,4.67,4.678578766591355,0.18369949874421443,9,mixed_feigenbaum,7.52198730591099
theta_13,10*[ζ(5)/ζ(3)]/[ζ(9)/ζ(13)],8.57,8.610045728789459,0.4672780488851601,12,nested_ratio,7.510218089328602
theta_13,10*[ζ(5)/ζ(9)]/[ζ(3)/ζ(13)],8.57,8.610045728789462,0.4672780488852016,12,nested_ratio,7.510218089328599
theta_13,10*[ζ(5)/ζ(3)]/[ζ(9)/ζ(11)],8.57,8.613243968353713,0.5045970636372491,12,nested_ratio,7.507402191861188
theta_13,10*[ζ(5)/ζ(9)]/[ζ(3)/ζ(11)],8.57,8.613243968353713,0.5045970636372491,12,nested_ratio,7.507402191861188
theta_13,10*[ζ(5)/ζ(3)]/[ζ(11)/ζ(13)],8.57,8.6230757595862,0.6193204152415394,12,nested_ratio,7.498745768389616
theta_13,10*[ζ(5)/ζ(11)]/[ζ(3)/ζ(13)],8.57,8.623075759586204,0.6193204152415808,12,nested_ratio,7.498745768389615
m_d,4*ζ(3)*ζ(9)/ζ(5),4.67,4.6463061010507,0.5073640031969943,9,triple_zeta,7.497596497178931
m_d,4*ζ(9)*ζ(3)/ζ(5),4.67,4.6463061010507,0.5073640031969943,9,triple_zeta,7.497596497178931
theta_13,10*[ζ(5)/ζ(13)]/[ζ(3)/ζ(11)],8.57,8.629483108637926,0.6940852816560735,12,nested_ratio,7.493104403005593
m_d,4*ζ(3)*ζ(11)/ζ(5),4.67,4.639285229000437,0.6577038757936305,9,triple_zeta,7.486267139072437
m_d,4*ζ(11)*ζ(3)/ζ(5),4.67,4.639285229000437,0.6577038757936305,9,triple_zeta,7.486267139072437
theta_13,10*[ζ(5)/ζ(11)]/[ζ(3)/ζ(9)],8.57,8.63933343642153,0.8090249290726994,12,nested_ratio,7.484431658984453
m_d,4*ζ(3)*ζ(13)/ζ(5),4.67,4.6375625858681,0.6945913090342646,9,triple_zeta,7.483487364594818
m_d,4*ζ(13)*ζ(3)/ζ(5),4.67,4.6375625858681,0.6945913090342646,9,triple_zeta,7.483487364594818
theta_13,10*[ζ(5)/ζ(13)]/[ζ(3)/ζ(9)],8.57,8.642542555034307,0.8464708872147823,12,nested_ratio,7.481606183033448
m_d,ζ(7)*δ_F^1,4.67,4.708186173994023,0.8176910919491058,9,mixed_feigenbaum,7.474210773499017
m_d,3*ζ(3)^2*ζ(5)^2,4.67,4.660884514063922,0.19519241833142578,10,product,6.837382926328342
m_d,3*ζ(5)^2*ζ(3)^2,4.67,4.660884514063922,0.19519241833142578,10,product,6.837382926328342
m_d,4*ζ(5)^2*ζ(5)^2,4.67,4.624385849054446,0.9767484142516986,10,product,6.783840439228187
m_b_over_m_c,3*ζ(5)^2*ζ(7)^2,3.29,3.2797466195832117,0.3116529002063331,10,product,5.731692915373309
m_b_over_m_c,3*ζ(7)^2*ζ(5)^2,3.29,3.2797466195832117,0.3116529002063331,10,product,5.731692915373309
m_b_over_m_c,3*ζ(5)^2*ζ(7)^3,3.29,3.3071302080340974,0.5206750162339626,10,product,5.719674955236077
m_b_over_m_c,3*ζ(7)^3*ζ(5)^2,3.29,3.3071302080340974,0.5206750162339626,10,product,5.719674955236077
m_d_over_m_u,2*ζ(5)^2*ζ(7),2.162,2.1683931812010067,0.2957068085572034,8,product,5.538704936882585
m_d_over_m_u,2*ζ(7)*ζ(5)^2,2.162,2.1683931812010067,0.2957068085572034,8,product,5.538704936882585
m_u,2*ζ(5)^2*ζ(9),2.16,2.154757250515087,0.2427198835607968,8,product,5.53860269681449
m_u,2*ζ(9)*ζ(5)^2,2.16,2.154757250515087,0.2427198835607968,8,product,5.53860269681449
m_d_over_m_u,2*ζ(5)^2*ζ(9),2.162,2.154757250515087,0.3350022888488895,8,product,5.536522021145237
m_d_over_m_u,2*ζ(9)*ζ(5)^2,2.162,2.154757250515087,0.3350022888488895,8,product,5.536522021145237
m_u,2*ζ(5)^2*ζ(7),2.16,2.1683931812010067,0.38857320375030163,8,product,5.5305048056971895
m_u,2*ζ(7)*ζ(5)^2,2.16,2.1683931812010067,0.38857320375030163,8,product,5.5305048056971895
m_u,2*ζ(5)^2*ζ(11),2.16,2.151501271544648,0.39345965071073763,8,product,5.530233506316519
m_u,2*ζ(11)*ζ(5)^2,2.16,2.151501271544648,0.39345965071073763,8,product,5.530233506316519
m_u,2*ζ(5)^2*ζ(13),2.16,2.1507023836326757,0.4304452021909445,8,product,5.528180039392279
m_u,2*ζ(13)*ζ(5)^2,2.16,2.1507023836326757,0.4304452021909445,8,product,5.528180039392279
m_d_over_m_u,2*ζ(5)^2*ζ(11),2.162,2.151501271544648,0.48560261125586096,8,product,5.528155974684129
m_d_over_m_u,2*ζ(11)*ζ(5)^2,2.162,2.151501271544648,0.48560261125586096,8,product,5.528155974684129
m_d_over_m_u,2*ζ(5)^2*ζ(13),2.162,2.1507023836326757,0.5225539485348836,8,product,5.526103279181652
m_d_over_m_u,2*ζ(13)*ζ(5)^2,2.162,2.1507023836326757,0.5225539485348836,8,product,5.526103279181652
m_u,2*ζ(5)*ζ(5)/ζ(13),2.16,2.1501746983901873,0.45487507452837384,9,triple_zeta,4.974141306289347
m_u,2*ζ(5)*ζ(5)/ζ(11),2.16,2.1493763030567092,0.491837821448653,9,triple_zeta,4.972294325571932
m_d_over_m_u,2*ζ(5)*ζ(5)/ζ(13),2.162,2.1501746983901873,0.5469612215454512,9,triple_zeta,4.972272680688639
m_d_over_m_u,2*ζ(5)*ζ(5)/ζ(11),2.162,2.1493763030567092,0.5838897753603463,9,triple_zeta,4.970426393822732
m_u,2*ζ(5)*ζ(5)/ζ(9),2.16,2.146128455049404,0.642201155120193,9,triple_zeta,4.964780864018421
m_d_over_m_u,2*ζ(5)*ζ(5)/ζ(9),2.162,2.146128455049404,0.7341140125160015,9,triple_zeta,4.962915754836121
m_u,5*(ζ(3)^2-ζ(7)^2),2.16,2.1408624001356023,0.8859999937221246,9,mixed_quadratic,4.952598550977745
m_d_over_m_u,5*(ζ(3)^2-ζ(7)^2),2.162,2.1408624001356023,0.9776873202774131,9,mixed_quadratic,4.950738018300338
m_d_over_m_u,2*ζ(5)^2*ζ(9)^3,2.162,2.16342073920289,0.06571411669241382,10,product,4.542121091567407
m_d_over_m_u,2*ζ(9)^3*ζ(5)^2,2.162,2.16342073920289,0.06571411669241382,10,product,4.542121091567407
m_u,2*ζ(5)^2*ζ(9)^2,2.16,2.1590846495012963,0.042377337902955434,10,product,4.5406848048631385
m_u,2*ζ(9)^2*ζ(5)^2,2.16,2.1590846495012963,0.042377337902955434,10,product,4.5406848048631385
m_d_over_m_u,2*ζ(5)^2*ζ(9)^2,2.162,2.1590846495012963,0.1348450739455882,10,product,4.538979014989339
m_d_over_m_u,2*ζ(9)^2*ζ(5)^2,2.162,2.1590846495012963,0.1348450739455882,10,product,4.538979014989339
m_u,2*ζ(5)^2*ζ(9)^3,2.16,2.16342073920289,0.15836755568934105,10,product,4.535415821814234
m_u,2*ζ(9)^3*ζ(5)^2,2.16,2.16342073920289,0.15836755568934105,10,product,4.535415821814234
m_u,2*ζ(5)^2*ζ(11)^3,2.16,2.1536283408704295,0.2949842189616021,10,product,4.529209859822635
m_u,2*ζ(11)^3*ζ(5)^2,2.16,2.1536283408704295,0.2949842189616021,10,product,4.529209859822635
m_d_over_m_u,2*ζ(5)^2*ζ(11)^3,2.162,2.1536283408704295,0.38721827611333887,10,product,4.527508380718223
m_d_over_m_u,2*ζ(11)^3*ζ(5)^2,2.162,2.1536283408704295,0.38721827611333887,10,product,4.527508380718223
m_u,2*ζ(5)^2*ζ(11)^2,2.16,2.152564543473045,0.34423409847013825,10,product,4.526972629948915
m_u,2*ζ(11)^2*ζ(5)^2,2.16,2.152564543473045,0.34423409847013825,10,product,4.526972629948915
m_d_over_m_u,2*ζ(5)^2*ζ(11)^2,2.162,2.152564543473045,0.43642259606636297,10,product,4.525271991300123
m_d_over_m_u,2*ζ(11)^2*ζ(5)^2,2.162,2.152564543473045,0.43642259606636297,10,product,4.525271991300123
m_u,2*ζ(5)^2*ζ(13)^3,2.16,2.1512301983770667,0.4060093343950645,10,product,4.52416642200188
m_u,2*ζ(13)^3*ζ(5)^2,2.16,2.1512301983770667,0.4060093343950645,10,product,4.52416642200188
m_u,2*ζ(5)^2*ζ(13)^2,2.16,2.150966274815147,0.4182280178172743,10,product,4.523611374886181
m_u,2*ζ(13)^2*ζ(5)^2,2.16,2.150966274815147,0.4182280178172743,10,product,4.523611374886181
m_d_over_m_u,2*ζ(5)^2*ζ(13)^3,2.162,2.1512301983770667,0.4981406856120802,10,product,4.522466837555549
m_d_over_m_u,2*ζ(13)^3*ζ(5)^2,2.162,2.1512301983770667,0.4981406856120802,10,product,4.522466837555549
m_d_over_m_u,2*ζ(5)^2*ζ(13)^2,2.162,2.150966274815147,0.5103480659043897,10,product,4.521911998953278
m_d_over_m_u,2*ζ(13)^2*ζ(5)^2,2.162,2.150966274815147,0.5103480659043897,10,product,4.521911998953278
m_d_over_m_u,0.1*ζ(13)*δ_F^2,2.162,2.1804118702625943,0.8516128706102861,10,mixed_feigenbaum,4.506401145460271
m_d_over_m_u,0.1*ζ(11)*δ_F^2,2.162,2.181221793894767,0.8890746482316001,10,mixed_feigenbaum,4.5046984672577155
m_u,0.1*ζ(13)*δ_F^2,2.16,2.1804118702625943,0.9449939936386188,10,mixed_feigenbaum,4.49968245182429
m_u,0.1*ζ(11)*δ_F^2,2.16,2.181221793894767,0.9824904580910634,10,mixed_feigenbaum,4.497979133739676
n_s,ζ(11)*ζ(13)/ζ(5),0.9649,0.9649822877140913,0.008528107999933239,8,triple_zeta,3.2590604028676293
n_s,ζ(13)*ζ(11)/ζ(5),0.9649,0.9649822877140913,0.008528107999933239,8,triple_zeta,3.2590604028676293
n_s,ζ(13)*ζ(13)/ζ(5),0.9649,0.9646239738729059,0.028606708166037702,8,triple_zeta,3.2584059733497095
n_s,ζ(11)*ζ(11)/ζ(5),0.9649,0.9653407346525378,0.0456767180576018,8,triple_zeta,3.2578496039687863
n_s,ζ(9)*ζ(13)/ζ(5),0.9649,0.9664426456870091,0.15987622416925332,8,triple_zeta,3.254127455656003
n_s,ζ(13)*ζ(9)/ζ(5),0.9649,0.9664426456870091,0.15987622416925332,8,triple_zeta,3.254127455656003
n_s,ζ(9)*ζ(11)/ζ(5),0.9649,0.9668016350818832,0.19708105315402996,8,triple_zeta,3.252914824392102
n_s,ζ(11)*ζ(9)/ζ(5),0.9649,0.9668016350818832,0.19708105315402996,8,triple_zeta,3.252914824392102
n_s,ζ(9)*ζ(9)/ζ(5),0.9649,0.9682647463679631,0.3487145163191143,8,triple_zeta,3.2479725767563754
n_s,ζ(7)*ζ(13)/ζ(5),0.9649,0.9725585758807025,0.7937170567626192,8,triple_zeta,3.2334684382404295
n_s,ζ(13)*ζ(7)/ζ(5),0.9649,0.9725585758807025,0.7937170567626192,8,triple_zeta,3.2334684382404295
n_s,ζ(7)*ζ(11)/ζ(5),0.9649,0.9729198370648948,0.831157328727831,8,triple_zeta,3.2322481330931443
n_s,ζ(11)*ζ(7)/ζ(5),0.9649,0.9729198370648948,0.831157328727831,8,triple_zeta,3.2322481330931443
n_s,ζ(7)*ζ(9)/ζ(5),0.9649,0.9743922073448025,0.9837503725570003,8,triple_zeta,3.227274609476712
n_s,ζ(9)*ζ(7)/ζ(5),0.9649,0.9743922073448025,0.9837503725570003,8,triple_zeta,3.227274609476712
D_H,ζ(5)*ζ(13)/ζ(3),0.85622,0.8627337283626588,0.7607540541751938,8,triple_zeta,2.9620648698859497
D_H,ζ(13)*ζ(5)/ζ(3),0.85622,0.8627337283626588,0.7607540541751938,8,triple_zeta,2.9620648698859497
D_H,ζ(5)*ζ(11)/ζ(3),0.85622,0.8630541946215355,0.7981820818873142,8,triple_zeta,2.960947728728955
D_H,ζ(11)*ζ(5)/ζ(3),0.85622,0.8630541946215355,0.7981820818873142,8,triple_zeta,2.960947728728955
D_H,ζ(5)*ζ(9)/ζ(3),0.85622,0.864360299500581,0.9507252225574079,8,triple_zeta,2.9563946643257086
D_H,ζ(9)*ζ(5)/ζ(3),0.85622,0.864360299500581,0.9507252225574079,8,triple_zeta,2.9563946643257086
D_H,2*(ζ(3)^2-ζ(7)^2),0.85622,0.856344960054241,0.01459438628401671,9,mixed_quadratic,2.685902428845804
n_s,(4/5)*ζ(3)*ζ(9)/ζ(13),0.9649,0.9634585763305002,0.14938580884026642,10,triple_zeta,2.6627476694622825
n_s,(4/5)*ζ(9)*ζ(3)/ζ(13),0.9649,0.9634585763305002,0.14938580884026642,10,triple_zeta,2.6627476694622825
n_s,(2/3)*ζ(3)*ζ(3)/ζ(13),0.9649,0.9631756789026055,0.1787046426981563,10,triple_zeta,2.661965814917282
n_s,(4/5)*ζ(3)*ζ(9)/ζ(11),0.9649,0.9631008282684859,0.18646198896404967,10,triple_zeta,2.6617589473295555
n_s,(4/5)*ζ(9)*ζ(3)/ζ(11),0.9649,0.9631008282684859,0.18646198896404967,10,triple_zeta,2.6617589473295555
n_s,(2/3)*ζ(3)*ζ(3)/ζ(11),0.9649,0.9628180358850725,0.21576993625530608,10,triple_zeta,2.6609773831000445
n_s,(4/5)*ζ(3)*ζ(7)/ζ(9),0.9649,0.9677310925868937,0.29340787510557936,10,triple_zeta,2.658906987815949
n_s,(4/5)*ζ(7)*ζ(3)/ζ(9),0.9649,0.9677310925868937,0.29340787510557936,10,triple_zeta,2.658906987815949
n_s,(4/5)*ζ(3)*ζ(11)/ζ(13),0.9649,0.962002727481322,0.3002666098743907,10,triple_zeta,2.658724083783069
n_s,(4/5)*ζ(11)*ζ(3)/ζ(13),0.9649,0.962002727481322,0.3002666098743907,10,triple_zeta,2.658724083783069
n_s,(4/5)*ζ(3)*ζ(5)/ζ(5),0.9649,0.96164552,0.3372867654679188,10,triple_zeta,2.657736855674075
n_s,(4/5)*ζ(3)*ζ(7)/ζ(7),0.9649,0.96164552,0.3372867654679188,10,triple_zeta,2.657736855674075
n_s,(4/5)*ζ(3)*ζ(9)/ζ(9),0.9649,0.96164552,0.3372867654679188,10,triple_zeta,2.657736855674075
n_s,(4/5)*ζ(3)*ζ(11)/ζ(11),0.9649,0.96164552,0.3372867654679188,10,triple_zeta,2.657736855674075
n_s,(4/5)*ζ(3)*ζ(13)/ζ(13),0.9649,0.96164552,0.3372867654679188,10,triple_zeta,2.657736855674075
n_s,(4/5)*ζ(5)*ζ(3)/ζ(5),0.9649,0.96164552,0.3372867654679188,10,triple_zeta,2.657736855674075
n_s,(4/5)*ζ(7)*ζ(3)/ζ(7),0.9649,0.96164552,0.3372867654679188,10,triple_zeta,2.657736855674075
n_s,(4/5)*ζ(9)*ζ(3)/ζ(9),0.9649,0.96164552,0.3372867654679188,10,triple_zeta,2.657736855674075
n_s,(4/5)*ζ(11)*ζ(3)/ζ(11),0.9649,0.96164552,0.3372867654679188,10,triple_zeta,2.657736855674075
n_s,(4/5)*ζ(13)*ζ(3)/ζ(13),0.9649,0.96164552,0.3372867654679188,10,triple_zeta,2.657736855674075
n_s,0.2*ζ(5)*δ_F^1,0.9649,0.9683249904353661,0.35495807185886086,10,mixed_feigenbaum,2.6572656093999285
n_s,(2/3)*ζ(3)*ζ(3)/ζ(9),0.9649,0.9613631549343521,0.3665504265362096,10,triple_zeta,2.6569564724391728
n_s,(4/5)*ζ(3)*ζ(13)/ζ(11),0.9649,0.9612884451557081,0.37429317486701996,10,triple_zeta,2.656749994139163
n_s,(4/5)*ζ(13)*ζ(3)/ζ(11),0.9649,0.9612884451557081,0.37429317486701996,10,triple_zeta,2.656749994139163
n_s,(4/5)*ζ(3)*ζ(7)/ζ(11),0.9649,0.9691956104694421,0.44518711466910116,10,triple_zeta,2.654859443194473
n_s,(4/5)*ζ(7)*ζ(3)/ζ(11),0.9649,0.9691956104694421,0.44518711466910116,10,triple_zeta,2.654859443194473
n_s,(4/5)*ζ(3)*ζ(7)/ζ(13),0.9649,0.9695556224652595,0.4824979236459243,10,triple_zeta,2.6538644641404776
n_s,(4/5)*ζ(7)*ζ(3)/ζ(13),0.9649,0.9695556224652595,0.4824979236459243,10,triple_zeta,2.6538644641404776
n_s,(4/5)*ζ(3)*ζ(11)/ζ(9),0.9649,0.9601924107973796,0.4878836358814776,10,triple_zeta,2.65372084166184
n_s,(4/5)*ζ(11)*ζ(3)/ζ(9),0.9649,0.9601924107973796,0.4878836358814776,10,triple_zeta,2.65372084166184
n_s,(4/5)*ζ(3)*ζ(13)/ζ(9),0.9649,0.9598358755165041,0.524834126178455,10,triple_zeta,2.6527354713391755
n_s,(4/5)*ζ(13)*ζ(3)/ζ(9),0.9649,0.9598358755165041,0.524834126178455,10,triple_zeta,2.6527354713391755
n_s,(4/5)*ζ(3)*ζ(9)/ζ(7),0.9649,0.9555982165087198,0.9640152856544917,10,triple_zeta,2.6410236895104955
n_s,(4/5)*ζ(9)*ζ(3)/ζ(7),0.9649,0.9555982165087198,0.9640152856544917,10,triple_zeta,2.6410236895104955
n_s,(2/3)*ζ(3)*ζ(3)/ζ(7),0.9649,0.9553176270945066,0.993094922322868,10,triple_zeta,2.6402482137120264
n_s,[ζ(9)/ζ(5)]/[ζ(11)/ζ(13)],0.9649,0.9659652656527237,0.11040166366708366,11,nested_ratio,2.441804999239694
n_s,[ζ(9)/ζ(11)]/[ζ(5)/ζ(13)],0.9649,0.9659652656527237,0.11040166366708366,11,nested_ratio,2.441804999239694
n_s,[ζ(9)/ζ(13)]/[ζ(5)/ζ(11)],0.9649,0.966683023074952,0.18478837961986105,11,nested_ratio,2.439986613162308
D_H,(4/5)*ζ(5)*ζ(5)/ζ(9),0.85622,0.8584513820197616,0.26060849078059206,10,triple_zeta,2.435721605039979
D_H,(4/5)*ζ(5)*ζ(5)/ζ(7),0.85622,0.8530530143971656,0.36987989101333174,10,triple_zeta,2.4330531035950385
D_H,(4/5)*ζ(5)*ζ(5)/ζ(11),0.85622,0.8597505212226837,0.41233809332691523,10,triple_zeta,2.432016237827948
D_H,(3/5)*ζ(3)*ζ(3)/ζ(7),0.85622,0.8597858643850561,0.4164659065492663,10,triple_zeta,2.431915433083753
D_H,(4/5)*ζ(5)*ζ(5)/ζ(13),0.85622,0.8600698793560749,0.4496367003894966,10,triple_zeta,2.431105373808371
n_s,[ζ(7)/ζ(5)]/[ζ(9)/ζ(13)],0.9649,0.9706093012210602,0.591698748166667,11,nested_ratio,2.430039673854227
n_s,[ζ(7)/ζ(9)]/[ζ(5)/ζ(13)],0.9649,0.9706093012210604,0.59169874816669,11,nested_ratio,2.4300396738542265
n_s,[ζ(7)/ζ(5)]/[ζ(9)/ζ(11)],0.9649,0.9709698383385597,0.6290639795377422,11,nested_ratio,2.4291262793639175
n_s,[ζ(7)/ζ(9)]/[ζ(5)/ζ(11)],0.9649,0.9709698383385595,0.6290639795377307,11,nested_ratio,2.4291262793639175
n_s,[ζ(7)/ζ(5)]/[ζ(11)/ζ(13)],0.9649,0.9720781748466932,0.7439294068497516,11,nested_ratio,2.4263183896604685
n_s,[ζ(7)/ζ(11)]/[ζ(5)/ζ(13)],0.9649,0.9720781748466935,0.7439294068497746,11,nested_ratio,2.4263183896604676
n_s,[ζ(7)/ζ(13)]/[ζ(5)/ζ(11)],0.9649,0.9728004744466803,0.8187868635796761,11,nested_ratio,2.4244884963070277
n_s,[ζ(7)/ζ(11)]/[ζ(5)/ζ(9)],0.9649,0.9739109005777371,0.9338688545690874,11,nested_ratio,2.4216753126963155
n_s,[ζ(7)/ζ(13)]/[ζ(5)/ζ(9)],0.9649,0.9742726640889188,0.9713611865394126,11,nested_ratio,2.420758811227063
D_H,[ζ(5)/ζ(3)]/[ζ(7)/ζ(11)],0.85622,0.8559079622721368,0.0364436392356107,11,nested_ratio,2.2377629113087427
D_H,[ζ(5)/ζ(7)]/[ζ(3)/ζ(11)],0.85622,0.8559079622721368,0.0364436392356107,11,nested_ratio,2.2377629113087427
D_H,[ζ(5)/ζ(3)]/[ζ(7)/ζ(13)],0.85622,0.8555901495272114,0.07356175664999988,11,nested_ratio,2.236931993027007
D_H,[ζ(5)/ζ(7)]/[ζ(3)/ζ(13)],0.85622,0.8555901495272114,0.07356175664999988,11,nested_ratio,2.236931993027007
D_H,[ζ(5)/ζ(3)]/[ζ(7)/ζ(9)],0.85622,0.8572032523854392,0.11483641884552692,11,nested_ratio,2.2360080272178613
D_H,[ζ(5)/ζ(7)]/[ζ(3)/ζ(9)],0.85622,0.8572032523854392,0.11483641884552692,11,nested_ratio,2.2360080272178613
D_H,[ζ(5)/ζ(3)]/[ζ(9)/ζ(13)],0.85622,0.8610045728789459,0.5588018124951483,11,nested_ratio,2.226069512343218
D_H,[ζ(5)/ζ(9)]/[ζ(3)/ζ(13)],0.85622,0.8610045728789463,0.5588018124951872,11,nested_ratio,2.2260695123432166
D_H,[ζ(5)/ζ(3)]/[ζ(9)/ζ(11)],0.85622,0.8613243968353712,0.5961548241539824,11,nested_ratio,2.2252333357688854
D_H,[ζ(5)/ζ(9)]/[ζ(3)/ζ(11)],0.85622,0.8613243968353712,0.5961548241539824,11,nested_ratio,2.2252333357688854
D_H,[ζ(5)/ζ(3)]/[ζ(11)/ζ(13)],0.85622,0.8623075759586201,0.7109826865315088,11,nested_ratio,2.2226628236645944
D_H,[ζ(5)/ζ(11)]/[ζ(3)/ζ(13)],0.85622,0.8623075759586203,0.7109826865315347,11,nested_ratio,2.222662823664594
D_H,[ζ(5)/ζ(13)]/[ζ(3)/ζ(11)],0.85622,0.8629483108637926,0.7858156623055599,11,nested_ratio,2.220987628585243
D_H,[ζ(5)/ζ(11)]/[ζ(3)/ζ(9)],0.85622,0.863933343642153,0.9008600175367355,11,nested_ratio,2.2184122701179767
D_H,[ζ(5)/ζ(13)]/[ζ(3)/ζ(9)],0.85622,0.8642542555034307,0.9383400882285781,11,nested_ratio,2.2175732492271556
Omega_DE,(2/3)*ζ(5)*ζ(13)/ζ(7),0.6847,0.6856453618741442,0.13806950111642755,10,triple_zeta,2.0564528843012577
Omega_DE,(2/3)*ζ(13)*ζ(5)/ζ(7),0.6847,0.6856453618741442,0.13806950111642755,10,triple_zeta,2.0564528843012577
Omega_DE,(2/3)*ζ(5)*ζ(11)/ζ(7),0.6847,0.685900047876108,0.17526622989748167,10,triple_zeta,2.0556868934996952
Omega_DE,(2/3)*ζ(11)*ζ(5)/ζ(7),0.6847,0.685900047876108,0.17526622989748167,10,triple_zeta,2.0556868934996952
Omega_DE,(2/3)*ζ(5)*ζ(9)/ζ(7),0.6847,0.686938056154906,0.32686667955396825,10,triple_zeta,2.052564991285308
Omega_DE,(2/3)*ζ(9)*ζ(5)/ζ(7),0.6847,0.686938056154906,0.32686667955396825,10,triple_zeta,2.052564991285308
Omega_DE,(2/3)*ζ(5)*ζ(13)/ζ(9),0.6847,0.6899843251737933,0.7717723344228555,10,triple_zeta,2.043403066289203
Omega_DE,(2/3)*ζ(13)*ζ(5)/ζ(9),0.6847,0.6899843251737933,0.7717723344228555,10,triple_zeta,2.043403066289203
Omega_DE,(4/5)*ζ(5)*ζ(13)/ζ(3),0.6847,0.690186982690127,0.801370335932093,10,triple_zeta,2.0427935557853587
Omega_DE,(4/5)*ζ(13)*ζ(5)/ζ(3),0.6847,0.690186982690127,0.801370335932093,10,triple_zeta,2.0427935557853587
Omega_DE,(2/3)*ζ(5)*ζ(11)/ζ(9),0.6847,0.6902406229028641,0.8092044549239328,10,triple_zeta,2.0426322280750266
Omega_DE,(2/3)*ζ(11)*ζ(5)/ζ(9),0.6847,0.6902406229028641,0.8092044549239328,10,triple_zeta,2.0426322280750266
Omega_DE,(4/5)*ζ(5)*ζ(11)/ζ(3),0.6847,0.6904433556972285,0.8388134507417121,10,triple_zeta,2.0420224911658105
Omega_DE,(4/5)*ζ(11)*ζ(5)/ζ(3),0.6847,0.6904433556972285,0.8388134507417121,10,triple_zeta,2.0420224911658105
Omega_DE,(2/3)*ζ(5)*ζ(13)/ζ(11),0.6847,0.6910285144022223,0.9242755078461186,10,triple_zeta,2.0402625743190934
Omega_DE,(2/3)*ζ(13)*ζ(5)/ζ(11),0.6847,0.6910285144022223,0.9242755078461186,10,triple_zeta,2.0402625743190934
Omega_DE,(2/3)*ζ(3)*ζ(5)/ζ(3),0.6847,0.6912851999999999,0.961764276325392,10,triple_zeta,2.0394905695552863
Omega_DE,(2/3)*ζ(5)*ζ(3)/ζ(3),0.6847,0.6912851999999999,0.961764276325392,10,triple_zeta,2.0394905695552863
Omega_DE,(2/3)*ζ(5)*ζ(7)/ζ(7),0.6847,0.6912851999999999,0.961764276325392,10,triple_zeta,2.0394905695552863
Omega_DE,(2/3)*ζ(5)*ζ(9)/ζ(9),0.6847,0.6912851999999999,0.961764276325392,10,triple_zeta,2.0394905695552863
Omega_DE,(2/3)*ζ(5)*ζ(11)/ζ(11),0.6847,0.6912851999999999,0.961764276325392,10,triple_zeta,2.0394905695552863
Omega_DE,(2/3)*ζ(5)*ζ(13)/ζ(13),0.6847,0.6912851999999999,0.961764276325392,10,triple_zeta,2.0394905695552863
Omega_DE,(2/3)*ζ(7)*ζ(5)/ζ(7),0.6847,0.6912851999999999,0.961764276325392,10,triple_zeta,2.0394905695552863
Omega_DE,(2/3)*ζ(9)*ζ(5)/ζ(9),0.6847,0.6912851999999999,0.961764276325392,10,triple_zeta,2.0394905695552863
Omega_DE,(2/3)*ζ(11)*ζ(5)/ζ(11),0.6847,0.6912851999999999,0.961764276325392,10,triple_zeta,2.0394905695552863
Omega_DE,(2/3)*ζ(13)*ζ(5)/ζ(13),0.6847,0.6912851999999999,0.961764276325392,10,triple_zeta,2.0394905695552863
Omega_DE,(4/5)*ζ(5)*ζ(9)/ζ(3),0.6847,0.6914882396004648,0.9914180809792345,10,triple_zeta,2.0388799098994372
Omega_DE,(4/5)*ζ(9)*ζ(5)/ζ(3),0.6847,0.6914882396004648,0.9914180809792345,10,triple_zeta,2.0388799098994372
Omega_DE,(2/3)*ζ(5)*ζ(11)/ζ(13),0.6847,0.6915419809447779,0.9992669701734991,10,triple_zeta,2.038718278026896
Omega_DE,(2/3)*ζ(11)*ζ(5)/ζ(13),0.6847,0.6915419809447779,0.9992669701734991,10,triple_zeta,2.038718278026896
Q_koide,(2/3)*ζ(3)*ζ(13)/ζ(3),0.6667,0.6667484666666667,0.0072696365181777545,10,triple_zeta,2.0167391562726653
Q_koide,(2/3)*ζ(5)*ζ(13)/ζ(5),0.6667,0.6667484666666667,0.0072696365181777545,10,triple_zeta,2.0167391562726653
Q_koide,(2/3)*ζ(7)*ζ(13)/ζ(7),0.6667,0.6667484666666667,0.0072696365181777545,10,triple_zeta,2.0167391562726653
Q_koide,(2/3)*ζ(9)*ζ(13)/ζ(9),0.6667,0.6667484666666667,0.0072696365181777545,10,triple_zeta,2.0167391562726653
Q_koide,(2/3)*ζ(11)*ζ(13)/ζ(11),0.6667,0.6667484666666667,0.0072696365181777545,10,triple_zeta,2.0167391562726653
Q_koide,(2/3)*ζ(13)*ζ(3)/ζ(3),0.6667,0.6667484666666667,0.0072696365181777545,10,triple_zeta,2.0167391562726653
Q_koide,(2/3)*ζ(13)*ζ(5)/ζ(5),0.6667,0.6667484666666667,0.0072696365181777545,10,triple_zeta,2.0167391562726653
Q_koide,(2/3)*ζ(13)*ζ(7)/ζ(7),0.6667,0.6667484666666667,0.0072696365181777545,10,triple_zeta,2.0167391562726653
Q_koide,(2/3)*ζ(13)*ζ(9)/ζ(9),0.6667,0.6667484666666667,0.0072696365181777545,10,triple_zeta,2.0167391562726653
Q_koide,(2/3)*ζ(13)*ζ(11)/ζ(11),0.6667,0.6667484666666667,0.0072696365181777545,10,triple_zeta,2.0167391562726653
Q_koide,(2/3)*ζ(13)*ζ(13)/ζ(11),0.6667,0.6665008919627186,0.029864712356592712,10,triple_zeta,2.0162834394018825
Q_koide,(4/5)*ζ(9)*ζ(13)/ζ(3),0.6667,0.6669442995042313,0.036643093480025014,10,triple_zeta,2.0161467271971243
Q_koide,(4/5)*ζ(13)*ζ(9)/ζ(3),0.6667,0.6669442995042313,0.036643093480025014,10,triple_zeta,2.0161467271971243
Q_koide,(2/3)*ζ(3)*ζ(11)/ζ(3),0.6667,0.6669961333333333,0.04441777911104502,10,triple_zeta,2.0159899206684617
Q_koide,(2/3)*ζ(5)*ζ(11)/ζ(5),0.6667,0.6669961333333333,0.04441777911104502,10,triple_zeta,2.0159899206684617
Q_koide,(2/3)*ζ(7)*ζ(11)/ζ(7),0.6667,0.6669961333333333,0.04441777911104502,10,triple_zeta,2.0159899206684617
Q_koide,(2/3)*ζ(9)*ζ(11)/ζ(9),0.6667,0.6669961333333333,0.04441777911104502,10,triple_zeta,2.0159899206684617
Q_koide,(2/3)*ζ(11)*ζ(3)/ζ(3),0.6667,0.6669961333333333,0.04441777911104502,10,triple_zeta,2.0159899206684617
Q_koide,(2/3)*ζ(11)*ζ(5)/ζ(5),0.6667,0.6669961333333333,0.04441777911104502,10,triple_zeta,2.0159899206684617
Q_koide,(2/3)*ζ(11)*ζ(7)/ζ(7),0.6667,0.6669961333333333,0.04441777911104502,10,triple_zeta,2.0159899206684617
Q_koide,(2/3)*ζ(11)*ζ(9)/ζ(9),0.6667,0.6669961333333333,0.04441777911104502,10,triple_zeta,2.0159899206684617
Q_koide,(2/3)*ζ(11)*ζ(13)/ζ(13),0.6667,0.6669961333333333,0.04441777911104502,10,triple_zeta,2.0159899206684617
Q_koide,(2/3)*ζ(13)*ζ(11)/ζ(13),0.6667,0.6669961333333333,0.04441777911104502,10,triple_zeta,2.0159899206684617
Q_koide,(4/5)*ζ(9)*ζ(11)/ζ(3),0.6667,0.6671920389138716,0.07380214697339395,10,triple_zeta,2.0153972715325206
Q_koide,(4/5)*ζ(11)*ζ(9)/ζ(3),0.6667,0.6671920389138716,0.07380214697339395,10,triple_zeta,2.0153972715325206
Q_koide,(4/5)*ζ(11)*ζ(11)/ζ(3),0.6667,0.6661838681570829,0.07741590564228293,10,triple_zeta,2.0153243861479293
Q_koide,(2/3)*ζ(11)*ζ(11)/ζ(13),0.6667,0.6672438919968786,0.08157972054577077,10,triple_zeta,2.0152404067573797
Q_koide,(2/3)*ζ(11)*ζ(11)/ζ(9),0.6667,0.6659882586026747,0.10675587180519219,10,triple_zeta,2.014732632543549
Q_koide,(4/5)*ζ(11)*ζ(13)/ζ(3),0.6667,0.6659365030978748,0.11451880937830847,10,triple_zeta,2.014576062959795
Q_koide,(4/5)*ζ(13)*ζ(11)/ζ(3),0.6667,0.6659365030978748,0.11451880937830847,10,triple_zeta,2.014576062959795
Q_koide,(2/3)*ζ(11)*ζ(13)/ζ(9),0.6667,0.6657409661765209,0.14384788112780272,10,triple_zeta,2.0139845290832894
Q_koide,(2/3)*ζ(13)*ζ(11)/ζ(9),0.6667,0.6657409661765209,0.14384788112780272,10,triple_zeta,2.0139845290832894
Q_koide,(4/5)*ζ(13)*ζ(13)/ζ(3),0.6667,0.6656892298893935,0.1516079361941597,10,triple_zeta,2.0138280176364045
Q_koide,(2/3)*ζ(9)*ζ(13)/ζ(11),0.6667,0.667757491859796,0.15861584817700453,10,triple_zeta,2.01368667605639
Q_koide,(2/3)*ζ(13)*ζ(9)/ζ(11),0.6667,0.667757491859796,0.15861584817700453,10,triple_zeta,2.01368667605639
Q_koide,(2/3)*ζ(13)*ζ(13)/ζ(9),0.6667,0.665493765574124,0.18092611757551733,10,triple_zeta,2.013236703406184
Q_koide,(2/3)*ζ(3)*ζ(9)/ζ(3),0.6667,0.6680055333333333,0.1958202089895585,10,triple_zeta,2.0129363065949097
Q_koide,(2/3)*ζ(5)*ζ(9)/ζ(5),0.6667,0.6680055333333333,0.1958202089895585,10,triple_zeta,2.0129363065949097
Q_koide,(2/3)*ζ(7)*ζ(9)/ζ(7),0.6667,0.6680055333333333,0.1958202089895585,10,triple_zeta,2.0129363065949097
Q_koide,(2/3)*ζ(9)*ζ(3)/ζ(3),0.6667,0.6680055333333333,0.1958202089895585,10,triple_zeta,2.0129363065949097
Q_koide,(2/3)*ζ(9)*ζ(5)/ζ(5),0.6667,0.6680055333333333,0.1958202089895585,10,triple_zeta,2.0129363065949097
Q_koide,(2/3)*ζ(9)*ζ(7)/ζ(7),0.6667,0.6680055333333333,0.1958202089895585,10,triple_zeta,2.0129363065949097
Q_koide,(2/3)*ζ(9)*ζ(11)/ζ(11),0.6667,0.6680055333333333,0.1958202089895585,10,triple_zeta,2.0129363065949097
Q_koide,(2/3)*ζ(9)*ζ(13)/ζ(13),0.6667,0.6680055333333333,0.1958202089895585,10,triple_zeta,2.0129363065949097
Q_koide,(2/3)*ζ(11)*ζ(9)/ζ(11),0.6667,0.6680055333333333,0.1958202089895585,10,triple_zeta,2.0129363065949097
Q_koide,(2/3)*ζ(13)*ζ(9)/ζ(13),0.6667,0.6680055333333333,0.1958202089895585,10,triple_zeta,2.0129363065949097
Q_koide,(4/5)*ζ(9)*ζ(9)/ζ(3),0.6667,0.6682017353879937,0.2252490457467672,10,triple_zeta,2.0123427605721536
Q_koide,(2/3)*ζ(9)*ζ(11)/ζ(13),0.6667,0.6682536669429727,0.23303838952643835,10,triple_zeta,2.0121856584053757
Q_koide,(2/3)*ζ(11)*ζ(9)/ζ(13),0.6667,0.6682536669429727,0.23303838952643835,10,triple_zeta,2.0121856584053757
Q_koide,(2/3)*ζ(9)*ζ(9)/ζ(11),0.6667,0.6690164609109445,0.3474517640534734,10,triple_zeta,2.009878071328083
Q_koide,(2/3)*ζ(9)*ζ(9)/ζ(13),0.6667,0.6692649700341035,0.38472626880208455,10,triple_zeta,2.0091262871435336
Q_koide,(2/3)*ζ(9)*ζ(9)/ζ(7),0.6667,0.663804783566495,0.4342607519881488,10,triple_zeta,2.0081272331976723
Q_koide,(2/3)*ζ(9)*ζ(11)/ζ(7),0.6667,0.6628017311738171,0.5847110883730054,10,triple_zeta,2.005092821762373
Q_koide,(2/3)*ζ(11)*ζ(9)/ζ(7),0.6667,0.6628017311738171,0.5847110883730054,10,triple_zeta,2.005092821762373
Q_koide,(2/3)*ζ(9)*ζ(13)/ζ(7),0.6667,0.6625556219578604,0.6216256250396758,10,triple_zeta,2.0043482977228684
Q_koide,(2/3)*ζ(13)*ζ(9)/ζ(7),0.6667,0.6625556219578604,0.6216256250396758,10,triple_zeta,2.0043482977228684
Q_koide,(3/4)*ζ(5)*ζ(5)/ζ(3),0.6667,0.6708621254198781,0.6242875986017923,10,triple_zeta,2.004294608756719
Q_koide,(2/3)*ζ(7)*ζ(13)/ζ(9),0.6667,0.6709678449164609,0.6401447302326275,10,triple_zeta,2.0039747885242893
Q_koide,(2/3)*ζ(13)*ζ(7)/ζ(9),0.6667,0.6709678449164609,0.6401447302326275,10,triple_zeta,2.0039747885242893
Q_koide,(4/5)*ζ(7)*ζ(13)/ζ(3),0.6667,0.6711649170411882,0.6697040709746862,10,triple_zeta,2.0033786103852247
Q_koide,(4/5)*ζ(13)*ζ(7)/ζ(3),0.6667,0.6711649170411882,0.6697040709746862,10,triple_zeta,2.0033786103852247
Q_koide,(2/3)*ζ(7)*ζ(11)/ζ(9),0.6667,0.6712170788898387,0.6775279570779611,10,triple_zeta,2.0032208115392356
Q_koide,(2/3)*ζ(11)*ζ(7)/ζ(9),0.6667,0.6712170788898387,0.6775279570779611,10,triple_zeta,2.0032208115392356
Q_koide,(4/5)*ζ(7)*ζ(11)/ζ(3),0.6667,0.6714142242178783,0.7070982777678673,10,triple_zeta,2.002624411947164
Q_koide,(4/5)*ζ(11)*ζ(7)/ζ(3),0.6667,0.6714142242178783,0.7070982777678673,10,triple_zeta,2.002624411947164
Q_koide,(2/3)*ζ(11)*ζ(11)/ζ(7),0.6667,0.6618001944588314,0.7349340844710566,10,triple_zeta,2.002062995520983
Q_koide,(2/3)*ζ(11)*ζ(13)/ζ(7),0.6667,0.661554457129978,0.7717928408612572,10,triple_zeta,2.0013195965059403
Q_koide,(2/3)*ζ(13)*ζ(11)/ζ(7),0.6667,0.661554457129978,0.7717928408612572,10,triple_zeta,2.0013195965059403
Q_koide,(2/3)*ζ(7)*ζ(13)/ζ(11),0.6667,0.6719832555145313,0.7924487047444652,10,triple_zeta,2.0009029913252587
Q_koide,(2/3)*ζ(13)*ζ(7)/ζ(11),0.6667,0.6719832555145313,0.7924487047444652,10,triple_zeta,2.0009029913252587
Q_koide,(2/3)*ζ(13)*ζ(13)/ζ(7),0.6667,0.6613088110474481,0.80863791098723,10,triple_zeta,2.000576473527214
Q_koide,(2/3)*ζ(3)*ζ(7)/ζ(3),0.6667,0.6722328666666666,0.8298885055747168,10,triple_zeta,2.0001478733075495
Q_koide,(2/3)*ζ(5)*ζ(7)/ζ(5),0.6667,0.6722328666666666,0.8298885055747168,10,triple_zeta,2.0001478733075495
Q_koide,(2/3)*ζ(7)*ζ(3)/ζ(3),0.6667,0.6722328666666666,0.8298885055747168,10,triple_zeta,2.0001478733075495
Q_koide,(2/3)*ζ(7)*ζ(5)/ζ(5),0.6667,0.6722328666666666,0.8298885055747168,10,triple_zeta,2.0001478733075495
Q_koide,(2/3)*ζ(7)*ζ(9)/ζ(9),0.6667,0.6722328666666666,0.8298885055747168,10,triple_zeta,2.0001478733075495
Q_koide,(2/3)*ζ(7)*ζ(11)/ζ(11),0.6667,0.6722328666666666,0.8298885055747168,10,triple_zeta,2.0001478733075495
Q_koide,(2/3)*ζ(7)*ζ(13)/ζ(13),0.6667,0.6722328666666666,0.8298885055747168,10,triple_zeta,2.0001478733075495
Q_koide,(2/3)*ζ(9)*ζ(7)/ζ(9),0.6667,0.6722328666666666,0.8298885055747168,10,triple_zeta,2.0001478733075495
Q_koide,(2/3)*ζ(11)*ζ(7)/ζ(11),0.6667,0.6722328666666666,0.8298885055747168,10,triple_zeta,2.0001478733075495
Q_koide,(2/3)*ζ(13)*ζ(7)/ζ(13),0.6667,0.6722328666666666,0.8298885055747168,10,triple_zeta,2.0001478733075495
Q_koide,(4/5)*ζ(7)*ζ(9)/ζ(3),0.6667,0.6724303103450027,0.8595035765715778,10,triple_zeta,1.9995505711529022
Q_koide,(4/5)*ζ(9)*ζ(7)/ζ(3),0.6667,0.6724303103450027,0.8595035765715778,10,triple_zeta,1.9995505711529022
Q_koide,(2/3)*ζ(7)*ζ(11)/ζ(13),0.6667,0.6724825705379681,0.8673422135845444,10,triple_zeta,1.9993924747979135
Q_koide,(2/3)*ζ(11)*ζ(7)/ζ(13),0.6667,0.6724825705379681,0.8673422135845444,10,triple_zeta,1.9993924747979135
Q_koide,(2/3)*ζ(7)*ζ(9)/ζ(11),0.6667,0.673250191688061,0.982479629227694,10,triple_zeta,1.9970702846383335
Q_koide,(2/3)*ζ(9)*ζ(7)/ζ(11),0.6667,0.673250191688061,0.982479629227694,10,triple_zeta,1.9970702846383335
sin2_theta_w,(1/5)*ζ(3)*ζ(13)/ζ(5),0.23122,0.23187812929340498,0.2846333766131711,10,triple_zeta,0.818895783076549
sin2_theta_w,(1/5)*ζ(13)*ζ(3)/ζ(5),0.23122,0.23187812929340498,0.2846333766131711,10,triple_zeta,0.818895783076549
sin2_theta_w,(1/5)*ζ(3)*ζ(11)/ζ(5),0.23122,0.23196426145002186,0.3218845471939491,10,triple_zeta,0.8185898640639011
sin2_theta_w,(1/5)*ζ(11)*ζ(3)/ζ(5),0.23122,0.23196426145002186,0.3218845471939491,10,triple_zeta,0.8185898640639011
sin2_theta_w,(1/5)*ζ(3)*ζ(9)/ζ(5),0.23122,0.232315305052535,0.4737068819890126,10,triple_zeta,0.817343048513294
sin2_theta_w,(1/5)*ζ(9)*ζ(3)/ζ(5),0.23122,0.232315305052535,0.4737068819890126,10,triple_zeta,0.817343048513294
lambda_H,10*(ζ(7)^2-ζ(9)^2),0.1286,0.12747677541599778,0.8734250264402906,9,mixed_quadratic,0.5208114802393154
alpha_s,2*(ζ(5)^2-ζ(7)^2),0.1179,0.11690190320470029,0.8465621673449694,9,mixed_quadratic,0.47993195038074143
