{
  "training": {
    "epochs": 10000,
    "time_hours": 0.9,
    "geometry": "TCS_neck",
    "final_torsion_train": 0,
    "final_torsion_test": 6.49789114959276e-07
  },
  "b2_21": {
    "extracted": true,
    "det_gram": 0.9994122982025146,
    "validation_pass": true
  },
  "b3_77": {
    "extracted": true,
    "method": "spectral",
    "n_forms": 15,
    "status": "PARTIAL"
  },
  "tcs_validation": {
    "ricci_scalar": -0.00020758654864039272,
    "exponential_decay_gamma": -0.023137650684426733,
    "gamma_match": false
  },
  "yukawa": {
    "computed": true,
    "n_couplings": 9261
  },
  "fixes_applied": {
    "distinct_harmonic_init": true,
    "increased_hidden_dims": "96\u2192128",
    "improved_loss_normalization": true,
    "tripled_harmonic_weights_phase1": true,
    "separation_loss": true
  }
}